id_atendimento;id_local;nome_local;endereco_local;id_doador;razao_social;nome_fantasia;id_ticket;codigo_senha;origem;data_hora_atendimento;sexo;faixa_idade;tipo_servico;tipo_servico_descricao;observacoes;simulado
186;6;Casa Caminhos - Acolhimento Noturno;Rua Simulada, 600 - Maringá/PR;1;Instituto Caminhos Solidários - SIMULADO;Casa Caminhos;;;ESPONTANEO;2026-07-02 16:47:00;FEMININO;51-70;ABRIGO;Abrigo;Atendimento espontâneo fictício para teste de dashboard/RAG;True
177;5;Rede Solidária - Ponto de Apoio;Praça Exemplo, 55 - Centro, Maringá/PR;5;Rede Solidária Maringá - SIMULADO;Rede Solidária;;;ESPONTANEO;2026-07-02 20:09:00;OUTRO;31-50;ROUPA;Roupa;Atendimento espontâneo fictício para teste de dashboard/RAG;True
177;5;Rede Solidária - Ponto de Apoio;Praça Exemplo, 55 - Centro, Maringá/PR;5;Rede Solidária Maringá - SIMULADO;Rede Solidária;;;ESPONTANEO;2026-07-02 20:09:00;OUTRO;31-50;ALIMENTACAO;Alimentação;Atendimento espontâneo fictício para teste de dashboard/RAG;True
91;1;Casa Caminhos - Unidade Centro;Rua Exemplo, 101 - Centro, Maringá/PR;1;Instituto Caminhos Solidários - SIMULADO;Casa Caminhos;143;EST-20260703-0001;TOTEM;2026-07-03 16:34:00;MASCULINO;31-50;ROUPA;Roupa;Registro fictício para teste de dashboard/RAG;True
230;2;Mesa Aberta - Cozinha Comunitária;Avenida Fictícia, 220 - Centro, Maringá/PR;2;Associação Mesa Aberta - SIMULADO;Mesa Aberta;;;ESPONTANEO;2026-07-03 22:59:00;NAO_INFORMADO;19-30;ALIMENTACAO;Alimentação;Atendimento espontâneo fictício para teste de dashboard/RAG;True
140;1;Casa Caminhos - Unidade Centro;Rua Exemplo, 101 - Centro, Maringá/PR;1;Instituto Caminhos Solidários - SIMULADO;Casa Caminhos;166;TER-20260703-0001;TOTEM;2026-07-04 02:33:00;FEMININO;19-30;ROUPA;Roupa;Registro fictício para teste de dashboard/RAG;True
104;6;Casa Caminhos - Acolhimento Noturno;Rua Simulada, 600 - Maringá/PR;1;Instituto Caminhos Solidários - SIMULADO;Casa Caminhos;71;EST-20260704-0001;TOTEM;2026-07-04 13:18:00;MASCULINO;19-30;ABRIGO;Abrigo;Registro fictício para teste de dashboard/RAG;True
210;2;Mesa Aberta - Cozinha Comunitária;Avenida Fictícia, 220 - Centro, Maringá/PR;2;Associação Mesa Aberta - SIMULADO;Mesa Aberta;;;ESPONTANEO;2026-07-04 20:54:00;MASCULINO;19-30;ALIMENTACAO;Alimentação;Atendimento espontâneo fictício para teste de dashboard/RAG;True
147;5;Rede Solidária - Ponto de Apoio;Praça Exemplo, 55 - Centro, Maringá/PR;5;Rede Solidária Maringá - SIMULADO;Rede Solidária;190;TER-20260704-0001;TOTEM;2026-07-05 04:26:00;FEMININO;31-50;ALIMENTACAO;Alimentação;Registro fictício para teste de dashboard/RAG;True
52;1;Casa Caminhos - Unidade Centro;Rua Exemplo, 101 - Centro, Maringá/PR;1;Instituto Caminhos Solidários - SIMULADO;Casa Caminhos;49;EST-20260705-0002;TOTEM;2026-07-05 12:37:00;FEMININO;31-50;ROUPA;Roupa;Registro fictício para teste de dashboard/RAG;True
1;5;Rede Solidária - Ponto de Apoio;Praça Exemplo, 55 - Centro, Maringá/PR;5;Rede Solidária Maringá - SIMULADO;Rede Solidária;5;TER-20260706-0001;TOTEM;2026-07-07 04:41:00;MASCULINO;0-18;ALIMENTACAO;Alimentação;Registro fictício para teste de dashboard/RAG;True
54;1;Casa Caminhos - Unidade Centro;Rua Exemplo, 101 - Centro, Maringá/PR;1;Instituto Caminhos Solidários - SIMULADO;Casa Caminhos;113;CAT-20260706-0001;TOTEM;2026-07-07 11:23:00;MASCULINO;19-30;ROUPA;Roupa;Registro fictício para teste de dashboard/RAG;True
146;5;Rede Solidária - Ponto de Apoio;Praça Exemplo, 55 - Centro, Maringá/PR;5;Rede Solidária Maringá - SIMULADO;Rede Solidária;13;TER-20260707-0001;TOTEM;2026-07-08 09:03:00;FEMININO;51-70;ROUPA;Roupa;Registro fictício para teste de dashboard/RAG;True
184;2;Mesa Aberta - Cozinha Comunitária;Avenida Fictícia, 220 - Centro, Maringá/PR;2;Associação Mesa Aberta - SIMULADO;Mesa Aberta;;;ESPONTANEO;2026-07-08 18:10:00;MASCULINO;31-50;ALIMENTACAO;Alimentação;Atendimento espontâneo fictício para teste de dashboard/RAG;True
134;1;Casa Caminhos - Unidade Centro;Rua Exemplo, 101 - Centro, Maringá/PR;1;Instituto Caminhos Solidários - SIMULADO;Casa Caminhos;31;EST-20260708-0001;TOTEM;2026-07-08 19:55:00;MASCULINO;19-30;ROUPA;Roupa;Registro fictício para teste de dashboard/RAG;True
223;3;Ponto de Recomeço - Centro;Rua Inventada, 315 - Zona 01, Maringá/PR;3;Instituto Recomeço Social - SIMULADO;Ponto de Recomeço;;;ESPONTANEO;2026-07-08 22:03:00;NAO_INFORMADO;19-30;ROUPA;Roupa;Atendimento espontâneo fictício para teste de dashboard/RAG;True
106;1;Casa Caminhos - Unidade Centro;Rua Exemplo, 101 - Centro, Maringá/PR;1;Instituto Caminhos Solidários - SIMULADO;Casa Caminhos;32;CAT-20260709-0001;TOTEM;2026-07-10 10:38:00;FEMININO;19-30;ROUPA;Roupa;Registro fictício para teste de dashboard/RAG;True
4;4;Acolher - Unidade Norte;Rua Modelo, 440 - Maringá/PR;4;Centro Comunitário Acolher - SIMULADO;Acolher;173;CAT-20260709-0002;TOTEM;2026-07-10 11:00:00;MASCULINO;31-50;ABRIGO;Abrigo;Registro fictício para teste de dashboard/RAG;True
77;5;Rede Solidária - Ponto de Apoio;Praça Exemplo, 55 - Centro, Maringá/PR;5;Rede Solidária Maringá - SIMULADO;Rede Solidária;195;EST-20260709-0001;TOTEM;2026-07-10 14:45:00;NAO_INFORMADO;NAO_INFORMADO;ALIMENTACAO;Alimentação;Registro fictício para teste de dashboard/RAG;True
117;2;Mesa Aberta - Cozinha Comunitária;Avenida Fictícia, 220 - Centro, Maringá/PR;2;Associação Mesa Aberta - SIMULADO;Mesa Aberta;21;TER-20260709-0001;TOTEM;2026-07-10 21:59:00;MASCULINO;51-70;ALIMENTACAO;Alimentação;Registro fictício para teste de dashboard/RAG;True
189;6;Casa Caminhos - Acolhimento Noturno;Rua Simulada, 600 - Maringá/PR;1;Instituto Caminhos Solidários - SIMULADO;Casa Caminhos;;;ESPONTANEO;2026-07-10 22:28:00;MASCULINO;71+;ABRIGO;Abrigo;Atendimento espontâneo fictício para teste de dashboard/RAG;True
137;4;Acolher - Unidade Norte;Rua Modelo, 440 - Maringá/PR;4;Centro Comunitário Acolher - SIMULADO;Acolher;226;CAT-20260710-0002;TOTEM;2026-07-11 08:19:00;FEMININO;31-50;ALIMENTACAO;Alimentação;Registro fictício para teste de dashboard/RAG;True
136;4;Acolher - Unidade Norte;Rua Modelo, 440 - Maringá/PR;4;Centro Comunitário Acolher - SIMULADO;Acolher;226;CAT-20260710-0002;TOTEM;2026-07-11 08:19:00;FEMININO;31-50;ABRIGO;Abrigo;Registro fictício para teste de dashboard/RAG;True
113;3;Ponto de Recomeço - Centro;Rua Inventada, 315 - Zona 01, Maringá/PR;3;Instituto Recomeço Social - SIMULADO;Ponto de Recomeço;75;CAT-20260710-0001;TOTEM;2026-07-12 03:30:00;NAO_INFORMADO;31-50;ROUPA;Roupa;Registro fictício para teste de dashboard/RAG;True
14;1;Casa Caminhos - Unidade Centro;Rua Exemplo, 101 - Centro, Maringá/PR;1;Instituto Caminhos Solidários - SIMULADO;Casa Caminhos;224;CAT-20260711-0002;TOTEM;2026-07-12 04:37:00;FEMININO;51-70;ABRIGO;Abrigo;Registro fictício para teste de dashboard/RAG;True
172;2;Mesa Aberta - Cozinha Comunitária;Avenida Fictícia, 220 - Centro, Maringá/PR;2;Associação Mesa Aberta - SIMULADO;Mesa Aberta;;;ESPONTANEO;2026-07-12 15:42:00;FEMININO;31-50;ALIMENTACAO;Alimentação;Atendimento espontâneo fictício para teste de dashboard/RAG;True
155;1;Casa Caminhos - Unidade Centro;Rua Exemplo, 101 - Centro, Maringá/PR;1;Instituto Caminhos Solidários - SIMULADO;Casa Caminhos;18;TER-20260711-0001;TOTEM;2026-07-12 16:43:00;FEMININO;71+;ABRIGO;Abrigo;Registro fictício para teste de dashboard/RAG;True
154;1;Casa Caminhos - Unidade Centro;Rua Exemplo, 101 - Centro, Maringá/PR;1;Instituto Caminhos Solidários - SIMULADO;Casa Caminhos;18;TER-20260711-0001;TOTEM;2026-07-12 16:43:00;FEMININO;71+;ROUPA;Roupa;Registro fictício para teste de dashboard/RAG;True
20;5;Rede Solidária - Ponto de Apoio;Praça Exemplo, 55 - Centro, Maringá/PR;5;Rede Solidária Maringá - SIMULADO;Rede Solidária;68;CAT-20260711-0001;TOTEM;2026-07-12 18:54:00;MASCULINO;31-50;ROUPA;Roupa;Registro fictício para teste de dashboard/RAG;True
130;6;Casa Caminhos - Acolhimento Noturno;Rua Simulada, 600 - Maringá/PR;1;Instituto Caminhos Solidários - SIMULADO;Casa Caminhos;28;CAT-20260712-0001;TOTEM;2026-07-13 11:02:00;FEMININO;51-70;ABRIGO;Abrigo;Registro fictício para teste de dashboard/RAG;True
21;4;Acolher - Unidade Norte;Rua Modelo, 440 - Maringá/PR;4;Centro Comunitário Acolher - SIMULADO;Acolher;168;TER-20260712-0001;TOTEM;2026-07-14 01:12:00;MASCULINO;71+;ALIMENTACAO;Alimentação;Registro fictício para teste de dashboard/RAG;True
17;1;Casa Caminhos - Unidade Centro;Rua Exemplo, 101 - Centro, Maringá/PR;1;Instituto Caminhos Solidários - SIMULADO;Casa Caminhos;7;EST-20260713-0001;TOTEM;2026-07-14 14:49:00;NAO_INFORMADO;31-50;ABRIGO;Abrigo;Registro fictício para teste de dashboard/RAG;True
169;1;Casa Caminhos - Unidade Centro;Rua Exemplo, 101 - Centro, Maringá/PR;1;Instituto Caminhos Solidários - SIMULADO;Casa Caminhos;;;ESPONTANEO;2026-07-14 19:20:00;MASCULINO;51-70;ROUPA;Roupa;Atendimento espontâneo fictício para teste de dashboard/RAG;True
123;2;Mesa Aberta - Cozinha Comunitária;Avenida Fictícia, 220 - Centro, Maringá/PR;2;Associação Mesa Aberta - SIMULADO;Mesa Aberta;152;TER-20260713-0001;TOTEM;2026-07-14 21:08:00;FEMININO;19-30;ALIMENTACAO;Alimentação;Registro fictício para teste de dashboard/RAG;True
211;2;Mesa Aberta - Cozinha Comunitária;Avenida Fictícia, 220 - Centro, Maringá/PR;2;Associação Mesa Aberta - SIMULADO;Mesa Aberta;;;ESPONTANEO;2026-07-16 14:12:00;MASCULINO;51-70;ALIMENTACAO;Alimentação;Atendimento espontâneo fictício para teste de dashboard/RAG;True
215;3;Ponto de Recomeço - Centro;Rua Inventada, 315 - Zona 01, Maringá/PR;3;Instituto Recomeço Social - SIMULADO;Ponto de Recomeço;;;ESPONTANEO;2026-07-16 14:43:00;NAO_INFORMADO;31-50;ROUPA;Roupa;Atendimento espontâneo fictício para teste de dashboard/RAG;True
215;3;Ponto de Recomeço - Centro;Rua Inventada, 315 - Zona 01, Maringá/PR;3;Instituto Recomeço Social - SIMULADO;Ponto de Recomeço;;;ESPONTANEO;2026-07-16 14:43:00;NAO_INFORMADO;31-50;ALIMENTACAO;Alimentação;Atendimento espontâneo fictício para teste de dashboard/RAG;True
42;2;Mesa Aberta - Cozinha Comunitária;Avenida Fictícia, 220 - Centro, Maringá/PR;2;Associação Mesa Aberta - SIMULADO;Mesa Aberta;38;CAT-20260715-0001;TOTEM;2026-07-16 20:39:00;MASCULINO;19-30;ALIMENTACAO;Alimentação;Registro fictício para teste de dashboard/RAG;True
138;3;Ponto de Recomeço - Centro;Rua Inventada, 315 - Zona 01, Maringá/PR;3;Instituto Recomeço Social - SIMULADO;Ponto de Recomeço;86;CAT-20260716-0001;TOTEM;2026-07-17 16:50:00;MASCULINO;0-18;ROUPA;Roupa;Registro fictício para teste de dashboard/RAG;True
121;3;Ponto de Recomeço - Centro;Rua Inventada, 315 - Zona 01, Maringá/PR;3;Instituto Recomeço Social - SIMULADO;Ponto de Recomeço;114;CAT-20260717-0001;TOTEM;2026-07-17 17:21:00;NAO_INFORMADO;51-70;ROUPA;Roupa;Registro fictício para teste de dashboard/RAG;True
120;3;Ponto de Recomeço - Centro;Rua Inventada, 315 - Zona 01, Maringá/PR;3;Instituto Recomeço Social - SIMULADO;Ponto de Recomeço;114;CAT-20260717-0001;TOTEM;2026-07-17 17:21:00;NAO_INFORMADO;51-70;ALIMENTACAO;Alimentação;Registro fictício para teste de dashboard/RAG;True
40;6;Casa Caminhos - Acolhimento Noturno;Rua Simulada, 600 - Maringá/PR;1;Instituto Caminhos Solidários - SIMULADO;Casa Caminhos;220;TER-20260717-0001;TOTEM;2026-07-18 06:37:00;MASCULINO;NAO_INFORMADO;ABRIGO;Abrigo;Registro fictício para teste de dashboard/RAG;True
45;3;Ponto de Recomeço - Centro;Rua Inventada, 315 - Zona 01, Maringá/PR;3;Instituto Recomeço Social - SIMULADO;Ponto de Recomeço;63;EST-20260718-0001;TOTEM;2026-07-19 11:50:00;MASCULINO;31-50;ROUPA;Roupa;Registro fictício para teste de dashboard/RAG;True
46;3;Ponto de Recomeço - Centro;Rua Inventada, 315 - Zona 01, Maringá/PR;3;Instituto Recomeço Social - SIMULADO;Ponto de Recomeço;63;EST-20260718-0001;TOTEM;2026-07-19 11:50:00;MASCULINO;31-50;ALIMENTACAO;Alimentação;Registro fictício para teste de dashboard/RAG;True
22;4;Acolher - Unidade Norte;Rua Modelo, 440 - Maringá/PR;4;Centro Comunitário Acolher - SIMULADO;Acolher;201;CAT-20260718-0001;TOTEM;2026-07-19 14:28:00;FEMININO;31-50;ABRIGO;Abrigo;Registro fictício para teste de dashboard/RAG;True
232;6;Casa Caminhos - Acolhimento Noturno;Rua Simulada, 600 - Maringá/PR;1;Instituto Caminhos Solidários - SIMULADO;Casa Caminhos;;;ESPONTANEO;2026-07-19 15:53:00;NAO_INFORMADO;31-50;ABRIGO;Abrigo;Atendimento espontâneo fictício para teste de dashboard/RAG;True
206;1;Casa Caminhos - Unidade Centro;Rua Exemplo, 101 - Centro, Maringá/PR;1;Instituto Caminhos Solidários - SIMULADO;Casa Caminhos;;;ESPONTANEO;2026-07-20 15:48:00;MASCULINO;19-30;ROUPA;Roupa;Atendimento espontâneo fictício para teste de dashboard/RAG;True
192;4;Acolher - Unidade Norte;Rua Modelo, 440 - Maringá/PR;4;Centro Comunitário Acolher - SIMULADO;Acolher;;;ESPONTANEO;2026-07-20 17:03:00;MASCULINO;19-30;ABRIGO;Abrigo;Atendimento espontâneo fictício para teste de dashboard/RAG;True
192;4;Acolher - Unidade Norte;Rua Modelo, 440 - Maringá/PR;4;Centro Comunitário Acolher - SIMULADO;Acolher;;;ESPONTANEO;2026-07-20 17:03:00;MASCULINO;19-30;ALIMENTACAO;Alimentação;Atendimento espontâneo fictício para teste de dashboard/RAG;True
183;2;Mesa Aberta - Cozinha Comunitária;Avenida Fictícia, 220 - Centro, Maringá/PR;2;Associação Mesa Aberta - SIMULADO;Mesa Aberta;;;ESPONTANEO;2026-07-20 23:09:00;MASCULINO;31-50;ALIMENTACAO;Alimentação;Atendimento espontâneo fictício para teste de dashboard/RAG;True
39;3;Ponto de Recomeço - Centro;Rua Inventada, 315 - Zona 01, Maringá/PR;3;Instituto Recomeço Social - SIMULADO;Ponto de Recomeço;159;CAT-20260721-0002;TOTEM;2026-07-22 20:01:00;FEMININO;31-50;ALIMENTACAO;Alimentação;Registro fictício para teste de dashboard/RAG;True
47;6;Casa Caminhos - Acolhimento Noturno;Rua Simulada, 600 - Maringá/PR;1;Instituto Caminhos Solidários - SIMULADO;Casa Caminhos;9;CAT-20260721-0001;TOTEM;2026-07-22 23:27:00;MASCULINO;51-70;ABRIGO;Abrigo;Registro fictício para teste de dashboard/RAG;True
141;5;Rede Solidária - Ponto de Apoio;Praça Exemplo, 55 - Centro, Maringá/PR;5;Rede Solidária Maringá - SIMULADO;Rede Solidária;207;CAT-20260722-0001;TOTEM;2026-07-23 02:48:00;FEMININO;51-70;ALIMENTACAO;Alimentação;Registro fictício para teste de dashboard/RAG;True
79;1;Casa Caminhos - Unidade Centro;Rua Exemplo, 101 - Centro, Maringá/PR;1;Instituto Caminhos Solidários - SIMULADO;Casa Caminhos;118;TER-20260722-0002;TOTEM;2026-07-23 14:13:00;NAO_INFORMADO;31-50;ABRIGO;Abrigo;Registro fictício para teste de dashboard/RAG;True
195;1;Casa Caminhos - Unidade Centro;Rua Exemplo, 101 - Centro, Maringá/PR;1;Instituto Caminhos Solidários - SIMULADO;Casa Caminhos;;;ESPONTANEO;2026-07-23 17:48:00;NAO_INFORMADO;19-30;ABRIGO;Abrigo;Atendimento espontâneo fictício para teste de dashboard/RAG;True
85;1;Casa Caminhos - Unidade Centro;Rua Exemplo, 101 - Centro, Maringá/PR;1;Instituto Caminhos Solidários - SIMULADO;Casa Caminhos;223;CAT-20260722-0002;TOTEM;2026-07-23 20:06:00;FEMININO;51-70;ABRIGO;Abrigo;Registro fictício para teste de dashboard/RAG;True
143;5;Rede Solidária - Ponto de Apoio;Praça Exemplo, 55 - Centro, Maringá/PR;5;Rede Solidária Maringá - SIMULADO;Rede Solidária;30;TER-20260725-0001;TOTEM;2026-07-26 05:11:00;MASCULINO;71+;ALIMENTACAO;Alimentação;Registro fictício para teste de dashboard/RAG;True
144;5;Rede Solidária - Ponto de Apoio;Praça Exemplo, 55 - Centro, Maringá/PR;5;Rede Solidária Maringá - SIMULADO;Rede Solidária;30;TER-20260725-0001;TOTEM;2026-07-26 05:11:00;MASCULINO;71+;ROUPA;Roupa;Registro fictício para teste de dashboard/RAG;True
38;3;Ponto de Recomeço - Centro;Rua Inventada, 315 - Zona 01, Maringá/PR;3;Instituto Recomeço Social - SIMULADO;Ponto de Recomeço;216;TER-20260726-0001;TOTEM;2026-07-26 10:41:00;MASCULINO;31-50;ROUPA;Roupa;Registro fictício para teste de dashboard/RAG;True
129;4;Acolher - Unidade Norte;Rua Modelo, 440 - Maringá/PR;4;Centro Comunitário Acolher - SIMULADO;Acolher;183;TER-20260725-0002;TOTEM;2026-07-26 20:30:00;FEMININO;31-50;ALIMENTACAO;Alimentação;Registro fictício para teste de dashboard/RAG;True
214;1;Casa Caminhos - Unidade Centro;Rua Exemplo, 101 - Centro, Maringá/PR;1;Instituto Caminhos Solidários - SIMULADO;Casa Caminhos;;;ESPONTANEO;2026-07-27 01:01:00;MASCULINO;71+;ABRIGO;Abrigo;Atendimento espontâneo fictício para teste de dashboard/RAG;True
207;3;Ponto de Recomeço - Centro;Rua Inventada, 315 - Zona 01, Maringá/PR;3;Instituto Recomeço Social - SIMULADO;Ponto de Recomeço;;;ESPONTANEO;2026-07-27 21:42:00;OUTRO;19-30;ALIMENTACAO;Alimentação;Atendimento espontâneo fictício para teste de dashboard/RAG;True
175;3;Ponto de Recomeço - Centro;Rua Inventada, 315 - Zona 01, Maringá/PR;3;Instituto Recomeço Social - SIMULADO;Ponto de Recomeço;;;ESPONTANEO;2026-07-27 22:50:00;FEMININO;19-30;ROUPA;Roupa;Atendimento espontâneo fictício para teste de dashboard/RAG;True
57;1;Casa Caminhos - Unidade Centro;Rua Exemplo, 101 - Centro, Maringá/PR;1;Instituto Caminhos Solidários - SIMULADO;Casa Caminhos;39;EST-20260727-0001;TOTEM;2026-07-28 19:29:00;MASCULINO;NAO_INFORMADO;ROUPA;Roupa;Registro fictício para teste de dashboard/RAG;True
55;1;Casa Caminhos - Unidade Centro;Rua Exemplo, 101 - Centro, Maringá/PR;1;Instituto Caminhos Solidários - SIMULADO;Casa Caminhos;81;TER-20260728-0002;TOTEM;2026-07-28 21:18:00;FEMININO;51-70;ROUPA;Roupa;Registro fictício para teste de dashboard/RAG;True
171;3;Ponto de Recomeço - Centro;Rua Inventada, 315 - Zona 01, Maringá/PR;3;Instituto Recomeço Social - SIMULADO;Ponto de Recomeço;;;ESPONTANEO;2026-07-29 00:43:00;FEMININO;31-50;ALIMENTACAO;Alimentação;Atendimento espontâneo fictício para teste de dashboard/RAG;True
156;4;Acolher - Unidade Norte;Rua Modelo, 440 - Maringá/PR;4;Centro Comunitário Acolher - SIMULADO;Acolher;1;CAT-20260729-0001;TOTEM;2026-07-29 15:58:00;OUTRO;51-70;ABRIGO;Abrigo;Registro fictício para teste de dashboard/RAG;True
100;1;Casa Caminhos - Unidade Centro;Rua Exemplo, 101 - Centro, Maringá/PR;1;Instituto Caminhos Solidários - SIMULADO;Casa Caminhos;191;CAT-20260729-0004;TOTEM;2026-07-30 16:25:00;NAO_INFORMADO;NAO_INFORMADO;ROUPA;Roupa;Registro fictício para teste de dashboard/RAG;True
98;2;Mesa Aberta - Cozinha Comunitária;Avenida Fictícia, 220 - Centro, Maringá/PR;2;Associação Mesa Aberta - SIMULADO;Mesa Aberta;126;CAT-20260729-0003;TOTEM;2026-07-30 20:02:00;MASCULINO;51-70;ALIMENTACAO;Alimentação;Registro fictício para teste de dashboard/RAG;True
166;6;Casa Caminhos - Acolhimento Noturno;Rua Simulada, 600 - Maringá/PR;1;Instituto Caminhos Solidários - SIMULADO;Casa Caminhos;;;ESPONTANEO;2026-07-30 21:19:00;MASCULINO;31-50;ABRIGO;Abrigo;Atendimento espontâneo fictício para teste de dashboard/RAG;True
191;1;Casa Caminhos - Unidade Centro;Rua Exemplo, 101 - Centro, Maringá/PR;1;Instituto Caminhos Solidários - SIMULADO;Casa Caminhos;;;ESPONTANEO;2026-07-30 22:41:00;MASCULINO;31-50;ABRIGO;Abrigo;Atendimento espontâneo fictício para teste de dashboard/RAG;True
65;5;Rede Solidária - Ponto de Apoio;Praça Exemplo, 55 - Centro, Maringá/PR;5;Rede Solidária Maringá - SIMULADO;Rede Solidária;121;TER-20260730-0001;TOTEM;2026-07-31 00:40:00;NAO_INFORMADO;31-50;ROUPA;Roupa;Registro fictício para teste de dashboard/RAG;True
81;2;Mesa Aberta - Cozinha Comunitária;Avenida Fictícia, 220 - Centro, Maringá/PR;2;Associação Mesa Aberta - SIMULADO;Mesa Aberta;88;CAT-20260730-0001;TOTEM;2026-07-31 05:48:00;MASCULINO;51-70;ALIMENTACAO;Alimentação;Registro fictício para teste de dashboard/RAG;True
224;6;Casa Caminhos - Acolhimento Noturno;Rua Simulada, 600 - Maringá/PR;1;Instituto Caminhos Solidários - SIMULADO;Casa Caminhos;;;ESPONTANEO;2026-07-31 18:32:00;FEMININO;NAO_INFORMADO;ABRIGO;Abrigo;Atendimento espontâneo fictício para teste de dashboard/RAG;True
176;1;Casa Caminhos - Unidade Centro;Rua Exemplo, 101 - Centro, Maringá/PR;1;Instituto Caminhos Solidários - SIMULADO;Casa Caminhos;;;ESPONTANEO;2026-07-31 22:26:00;FEMININO;31-50;ABRIGO;Abrigo;Atendimento espontâneo fictício para teste de dashboard/RAG;True
34;4;Acolher - Unidade Norte;Rua Modelo, 440 - Maringá/PR;4;Centro Comunitário Acolher - SIMULADO;Acolher;44;CAT-20260731-0001;TOTEM;2026-08-01 06:23:00;FEMININO;51-70;ABRIGO;Abrigo;Registro fictício para teste de dashboard/RAG;True
145;4;Acolher - Unidade Norte;Rua Modelo, 440 - Maringá/PR;4;Centro Comunitário Acolher - SIMULADO;Acolher;229;TER-20260801-0002;TOTEM;2026-08-01 15:35:00;FEMININO;19-30;ALIMENTACAO;Alimentação;Registro fictício para teste de dashboard/RAG;True
209;1;Casa Caminhos - Unidade Centro;Rua Exemplo, 101 - Centro, Maringá/PR;1;Instituto Caminhos Solidários - SIMULADO;Casa Caminhos;;;ESPONTANEO;2026-08-01 20:04:00;FEMININO;19-30;ABRIGO;Abrigo;Atendimento espontâneo fictício para teste de dashboard/RAG;True
149;5;Rede Solidária - Ponto de Apoio;Praça Exemplo, 55 - Centro, Maringá/PR;5;Rede Solidária Maringá - SIMULADO;Rede Solidária;92;CAT-20260801-0001;TOTEM;2026-08-02 20:23:00;NAO_INFORMADO;51-70;ALIMENTACAO;Alimentação;Registro fictício para teste de dashboard/RAG;True
187;6;Casa Caminhos - Acolhimento Noturno;Rua Simulada, 600 - Maringá/PR;1;Instituto Caminhos Solidários - SIMULADO;Casa Caminhos;;;ESPONTANEO;2026-08-03 16:50:00;FEMININO;19-30;ABRIGO;Abrigo;Atendimento espontâneo fictício para teste de dashboard/RAG;True
74;4;Acolher - Unidade Norte;Rua Modelo, 440 - Maringá/PR;4;Centro Comunitário Acolher - SIMULADO;Acolher;213;EST-20260803-0001;TOTEM;2026-08-04 19:01:00;MASCULINO;51-70;ALIMENTACAO;Alimentação;Registro fictício para teste de dashboard/RAG;True
201;2;Mesa Aberta - Cozinha Comunitária;Avenida Fictícia, 220 - Centro, Maringá/PR;2;Associação Mesa Aberta - SIMULADO;Mesa Aberta;;;ESPONTANEO;2026-08-05 15:35:00;NAO_INFORMADO;31-50;ALIMENTACAO;Alimentação;Atendimento espontâneo fictício para teste de dashboard/RAG;True
218;2;Mesa Aberta - Cozinha Comunitária;Avenida Fictícia, 220 - Centro, Maringá/PR;2;Associação Mesa Aberta - SIMULADO;Mesa Aberta;;;ESPONTANEO;2026-08-05 18:46:00;MASCULINO;31-50;ALIMENTACAO;Alimentação;Atendimento espontâneo fictício para teste de dashboard/RAG;True
80;5;Rede Solidária - Ponto de Apoio;Praça Exemplo, 55 - Centro, Maringá/PR;5;Rede Solidária Maringá - SIMULADO;Rede Solidária;137;CAT-20260805-0002;TOTEM;2026-08-05 21:56:00;NAO_INFORMADO;19-30;ALIMENTACAO;Alimentação;Registro fictício para teste de dashboard/RAG;True
95;5;Rede Solidária - Ponto de Apoio;Praça Exemplo, 55 - Centro, Maringá/PR;5;Rede Solidária Maringá - SIMULADO;Rede Solidária;208;TER-20260805-0001;TOTEM;2026-08-06 12:59:00;MASCULINO;19-30;ALIMENTACAO;Alimentação;Registro fictício para teste de dashboard/RAG;True
196;4;Acolher - Unidade Norte;Rua Modelo, 440 - Maringá/PR;4;Centro Comunitário Acolher - SIMULADO;Acolher;;;ESPONTANEO;2026-08-06 19:18:00;MASCULINO;19-30;ALIMENTACAO;Alimentação;Atendimento espontâneo fictício para teste de dashboard/RAG;True
86;4;Acolher - Unidade Norte;Rua Modelo, 440 - Maringá/PR;4;Centro Comunitário Acolher - SIMULADO;Acolher;187;EST-20260806-0001;TOTEM;2026-08-06 19:37:00;FEMININO;19-30;ALIMENTACAO;Alimentação;Registro fictício para teste de dashboard/RAG;True
161;3;Ponto de Recomeço - Centro;Rua Inventada, 315 - Zona 01, Maringá/PR;3;Instituto Recomeço Social - SIMULADO;Ponto de Recomeço;110;CAT-20260805-0001;TOTEM;2026-08-06 21:28:00;MASCULINO;51-70;ROUPA;Roupa;Registro fictício para teste de dashboard/RAG;True
204;2;Mesa Aberta - Cozinha Comunitária;Avenida Fictícia, 220 - Centro, Maringá/PR;2;Associação Mesa Aberta - SIMULADO;Mesa Aberta;;;ESPONTANEO;2026-08-07 18:27:00;FEMININO;51-70;ALIMENTACAO;Alimentação;Atendimento espontâneo fictício para teste de dashboard/RAG;True
61;3;Ponto de Recomeço - Centro;Rua Inventada, 315 - Zona 01, Maringá/PR;3;Instituto Recomeço Social - SIMULADO;Ponto de Recomeço;192;EST-20260806-0002;TOTEM;2026-08-07 19:48:00;MASCULINO;31-50;ROUPA;Roupa;Registro fictício para teste de dashboard/RAG;True
62;3;Ponto de Recomeço - Centro;Rua Inventada, 315 - Zona 01, Maringá/PR;3;Instituto Recomeço Social - SIMULADO;Ponto de Recomeço;192;EST-20260806-0002;TOTEM;2026-08-07 19:48:00;MASCULINO;31-50;ALIMENTACAO;Alimentação;Registro fictício para teste de dashboard/RAG;True
70;3;Ponto de Recomeço - Centro;Rua Inventada, 315 - Zona 01, Maringá/PR;3;Instituto Recomeço Social - SIMULADO;Ponto de Recomeço;54;EST-20260808-0001;TOTEM;2026-08-08 12:56:00;FEMININO;19-30;ROUPA;Roupa;Registro fictício para teste de dashboard/RAG;True
32;5;Rede Solidária - Ponto de Apoio;Praça Exemplo, 55 - Centro, Maringá/PR;5;Rede Solidária Maringá - SIMULADO;Rede Solidária;123;TER-20260808-0001;TOTEM;2026-08-08 22:49:00;FEMININO;51-70;ALIMENTACAO;Alimentação;Registro fictício para teste de dashboard/RAG;True
33;5;Rede Solidária - Ponto de Apoio;Praça Exemplo, 55 - Centro, Maringá/PR;5;Rede Solidária Maringá - SIMULADO;Rede Solidária;123;TER-20260808-0001;TOTEM;2026-08-08 22:49:00;FEMININO;51-70;ROUPA;Roupa;Registro fictício para teste de dashboard/RAG;True
159;3;Ponto de Recomeço - Centro;Rua Inventada, 315 - Zona 01, Maringá/PR;3;Instituto Recomeço Social - SIMULADO;Ponto de Recomeço;196;TER-20260807-0002;TOTEM;2026-08-08 23:41:00;MASCULINO;31-50;ROUPA;Roupa;Registro fictício para teste de dashboard/RAG;True
197;5;Rede Solidária - Ponto de Apoio;Praça Exemplo, 55 - Centro, Maringá/PR;5;Rede Solidária Maringá - SIMULADO;Rede Solidária;;;ESPONTANEO;2026-08-09 00:37:00;FEMININO;31-50;ALIMENTACAO;Alimentação;Atendimento espontâneo fictício para teste de dashboard/RAG;True
208;6;Casa Caminhos - Acolhimento Noturno;Rua Simulada, 600 - Maringá/PR;1;Instituto Caminhos Solidários - SIMULADO;Casa Caminhos;;;ESPONTANEO;2026-08-09 01:53:00;FEMININO;31-50;ABRIGO;Abrigo;Atendimento espontâneo fictício para teste de dashboard/RAG;True
200;6;Casa Caminhos - Acolhimento Noturno;Rua Simulada, 600 - Maringá/PR;1;Instituto Caminhos Solidários - SIMULADO;Casa Caminhos;;;ESPONTANEO;2026-08-09 15:46:00;MASCULINO;NAO_INFORMADO;ABRIGO;Abrigo;Atendimento espontâneo fictício para teste de dashboard/RAG;True
185;1;Casa Caminhos - Unidade Centro;Rua Exemplo, 101 - Centro, Maringá/PR;1;Instituto Caminhos Solidários - SIMULADO;Casa Caminhos;;;ESPONTANEO;2026-08-10 01:22:00;MASCULINO;51-70;ABRIGO;Abrigo;Atendimento espontâneo fictício para teste de dashboard/RAG;True
11;4;Acolher - Unidade Norte;Rua Modelo, 440 - Maringá/PR;4;Centro Comunitário Acolher - SIMULADO;Acolher;231;EST-20260809-0001;TOTEM;2026-08-10 04:20:00;MASCULINO;19-30;ALIMENTACAO;Alimentação;Registro fictício para teste de dashboard/RAG;True
12;5;Rede Solidária - Ponto de Apoio;Praça Exemplo, 55 - Centro, Maringá/PR;5;Rede Solidária Maringá - SIMULADO;Rede Solidária;186;CAT-20260809-0001;TOTEM;2026-08-10 09:03:00;FEMININO;NAO_INFORMADO;ROUPA;Roupa;Registro fictício para teste de dashboard/RAG;True
13;5;Rede Solidária - Ponto de Apoio;Praça Exemplo, 55 - Centro, Maringá/PR;5;Rede Solidária Maringá - SIMULADO;Rede Solidária;186;CAT-20260809-0001;TOTEM;2026-08-10 09:03:00;FEMININO;NAO_INFORMADO;ALIMENTACAO;Alimentação;Registro fictício para teste de dashboard/RAG;True
173;4;Acolher - Unidade Norte;Rua Modelo, 440 - Maringá/PR;4;Centro Comunitário Acolher - SIMULADO;Acolher;;;ESPONTANEO;2026-08-10 16:23:00;MASCULINO;31-50;ABRIGO;Abrigo;Atendimento espontâneo fictício para teste de dashboard/RAG;True
194;6;Casa Caminhos - Acolhimento Noturno;Rua Simulada, 600 - Maringá/PR;1;Instituto Caminhos Solidários - SIMULADO;Casa Caminhos;;;ESPONTANEO;2026-08-10 18:37:00;MASCULINO;51-70;ABRIGO;Abrigo;Atendimento espontâneo fictício para teste de dashboard/RAG;True
108;5;Rede Solidária - Ponto de Apoio;Praça Exemplo, 55 - Centro, Maringá/PR;5;Rede Solidária Maringá - SIMULADO;Rede Solidária;206;EST-20260811-0001;TOTEM;2026-08-12 09:32:00;FEMININO;51-70;ROUPA;Roupa;Registro fictício para teste de dashboard/RAG;True
82;1;Casa Caminhos - Unidade Centro;Rua Exemplo, 101 - Centro, Maringá/PR;1;Instituto Caminhos Solidários - SIMULADO;Casa Caminhos;140;EST-20260812-0001;TOTEM;2026-08-12 16:45:00;MASCULINO;19-30;ABRIGO;Abrigo;Registro fictício para teste de dashboard/RAG;True
135;3;Ponto de Recomeço - Centro;Rua Inventada, 315 - Zona 01, Maringá/PR;3;Instituto Recomeço Social - SIMULADO;Ponto de Recomeço;221;EST-20260811-0002;TOTEM;2026-08-12 17:52:00;NAO_INFORMADO;31-50;ALIMENTACAO;Alimentação;Registro fictício para teste de dashboard/RAG;True
188;1;Casa Caminhos - Unidade Centro;Rua Exemplo, 101 - Centro, Maringá/PR;1;Instituto Caminhos Solidários - SIMULADO;Casa Caminhos;;;ESPONTANEO;2026-08-12 21:19:00;MASCULINO;NAO_INFORMADO;ABRIGO;Abrigo;Atendimento espontâneo fictício para teste de dashboard/RAG;True
231;2;Mesa Aberta - Cozinha Comunitária;Avenida Fictícia, 220 - Centro, Maringá/PR;2;Associação Mesa Aberta - SIMULADO;Mesa Aberta;;;ESPONTANEO;2026-08-13 17:01:00;MASCULINO;19-30;ALIMENTACAO;Alimentação;Atendimento espontâneo fictício para teste de dashboard/RAG;True
7;4;Acolher - Unidade Norte;Rua Modelo, 440 - Maringá/PR;4;Centro Comunitário Acolher - SIMULADO;Acolher;150;CAT-20260813-0001;TOTEM;2026-08-14 13:33:00;FEMININO;51-70;ALIMENTACAO;Alimentação;Registro fictício para teste de dashboard/RAG;True
68;5;Rede Solidária - Ponto de Apoio;Praça Exemplo, 55 - Centro, Maringá/PR;5;Rede Solidária Maringá - SIMULADO;Rede Solidária;36;CAT-20260814-0001;TOTEM;2026-08-14 18:43:00;FEMININO;31-50;ALIMENTACAO;Alimentação;Registro fictício para teste de dashboard/RAG;True
49;3;Ponto de Recomeço - Centro;Rua Inventada, 315 - Zona 01, Maringá/PR;3;Instituto Recomeço Social - SIMULADO;Ponto de Recomeço;180;TER-20260814-0001;TOTEM;2026-08-14 21:41:00;MASCULINO;51-70;ROUPA;Roupa;Registro fictício para teste de dashboard/RAG;True
50;3;Ponto de Recomeço - Centro;Rua Inventada, 315 - Zona 01, Maringá/PR;3;Instituto Recomeço Social - SIMULADO;Ponto de Recomeço;180;TER-20260814-0001;TOTEM;2026-08-14 21:41:00;MASCULINO;51-70;ALIMENTACAO;Alimentação;Registro fictício para teste de dashboard/RAG;True
64;5;Rede Solidária - Ponto de Apoio;Praça Exemplo, 55 - Centro, Maringá/PR;5;Rede Solidária Maringá - SIMULADO;Rede Solidária;157;TER-20260813-0001;TOTEM;2026-08-14 22:43:00;FEMININO;31-50;ALIMENTACAO;Alimentação;Registro fictício para teste de dashboard/RAG;True
152;3;Ponto de Recomeço - Centro;Rua Inventada, 315 - Zona 01, Maringá/PR;3;Instituto Recomeço Social - SIMULADO;Ponto de Recomeço;178;EST-20260813-0001;TOTEM;2026-08-15 04:14:00;FEMININO;31-50;ALIMENTACAO;Alimentação;Registro fictício para teste de dashboard/RAG;True
148;3;Ponto de Recomeço - Centro;Rua Inventada, 315 - Zona 01, Maringá/PR;3;Instituto Recomeço Social - SIMULADO;Ponto de Recomeço;43;TER-20260815-0001;TOTEM;2026-08-15 22:19:00;MASCULINO;19-30;ROUPA;Roupa;Registro fictício para teste de dashboard/RAG;True
190;2;Mesa Aberta - Cozinha Comunitária;Avenida Fictícia, 220 - Centro, Maringá/PR;2;Associação Mesa Aberta - SIMULADO;Mesa Aberta;;;ESPONTANEO;2026-08-17 16:41:00;NAO_INFORMADO;51-70;ALIMENTACAO;Alimentação;Atendimento espontâneo fictício para teste de dashboard/RAG;True
202;6;Casa Caminhos - Acolhimento Noturno;Rua Simulada, 600 - Maringá/PR;1;Instituto Caminhos Solidários - SIMULADO;Casa Caminhos;;;ESPONTANEO;2026-08-17 21:49:00;FEMININO;31-50;ABRIGO;Abrigo;Atendimento espontâneo fictício para teste de dashboard/RAG;True
164;1;Casa Caminhos - Unidade Centro;Rua Exemplo, 101 - Centro, Maringá/PR;1;Instituto Caminhos Solidários - SIMULADO;Casa Caminhos;;;ESPONTANEO;2026-08-18 01:20:00;MASCULINO;19-30;ROUPA;Roupa;Atendimento espontâneo fictício para teste de dashboard/RAG;True
164;1;Casa Caminhos - Unidade Centro;Rua Exemplo, 101 - Centro, Maringá/PR;1;Instituto Caminhos Solidários - SIMULADO;Casa Caminhos;;;ESPONTANEO;2026-08-18 01:20:00;MASCULINO;19-30;ABRIGO;Abrigo;Atendimento espontâneo fictício para teste de dashboard/RAG;True
59;3;Ponto de Recomeço - Centro;Rua Inventada, 315 - Zona 01, Maringá/PR;3;Instituto Recomeço Social - SIMULADO;Ponto de Recomeço;228;CAT-20260817-0003;TOTEM;2026-08-18 05:54:00;MASCULINO;31-50;ROUPA;Roupa;Registro fictício para teste de dashboard/RAG;True
26;6;Casa Caminhos - Acolhimento Noturno;Rua Simulada, 600 - Maringá/PR;1;Instituto Caminhos Solidários - SIMULADO;Casa Caminhos;148;TER-20260818-0002;TOTEM;2026-08-18 17:38:00;MASCULINO;31-50;ABRIGO;Abrigo;Registro fictício para teste de dashboard/RAG;True
221;1;Casa Caminhos - Unidade Centro;Rua Exemplo, 101 - Centro, Maringá/PR;1;Instituto Caminhos Solidários - SIMULADO;Casa Caminhos;;;ESPONTANEO;2026-08-18 20:07:00;MASCULINO;31-50;ROUPA;Roupa;Atendimento espontâneo fictício para teste de dashboard/RAG;True
112;5;Rede Solidária - Ponto de Apoio;Praça Exemplo, 55 - Centro, Maringá/PR;5;Rede Solidária Maringá - SIMULADO;Rede Solidária;205;TER-20260817-0002;TOTEM;2026-08-19 02:57:00;MASCULINO;31-50;ALIMENTACAO;Alimentação;Registro fictício para teste de dashboard/RAG;True
5;1;Casa Caminhos - Unidade Centro;Rua Exemplo, 101 - Centro, Maringá/PR;1;Instituto Caminhos Solidários - SIMULADO;Casa Caminhos;29;TER-20260818-0001;TOTEM;2026-08-19 06:09:00;NAO_INFORMADO;31-50;ABRIGO;Abrigo;Registro fictício para teste de dashboard/RAG;True
222;3;Ponto de Recomeço - Centro;Rua Inventada, 315 - Zona 01, Maringá/PR;3;Instituto Recomeço Social - SIMULADO;Ponto de Recomeço;;;ESPONTANEO;2026-08-19 18:36:00;FEMININO;0-18;ALIMENTACAO;Alimentação;Atendimento espontâneo fictício para teste de dashboard/RAG;True
225;5;Rede Solidária - Ponto de Apoio;Praça Exemplo, 55 - Centro, Maringá/PR;5;Rede Solidária Maringá - SIMULADO;Rede Solidária;;;ESPONTANEO;2026-08-19 20:03:00;MASCULINO;31-50;ALIMENTACAO;Alimentação;Atendimento espontâneo fictício para teste de dashboard/RAG;True
225;5;Rede Solidária - Ponto de Apoio;Praça Exemplo, 55 - Centro, Maringá/PR;5;Rede Solidária Maringá - SIMULADO;Rede Solidária;;;ESPONTANEO;2026-08-19 20:03:00;MASCULINO;31-50;ROUPA;Roupa;Atendimento espontâneo fictício para teste de dashboard/RAG;True
88;6;Casa Caminhos - Acolhimento Noturno;Rua Simulada, 600 - Maringá/PR;1;Instituto Caminhos Solidários - SIMULADO;Casa Caminhos;50;TER-20260819-0001;TOTEM;2026-08-20 00:21:00;NAO_INFORMADO;31-50;ABRIGO;Abrigo;Registro fictício para teste de dashboard/RAG;True
203;6;Casa Caminhos - Acolhimento Noturno;Rua Simulada, 600 - Maringá/PR;1;Instituto Caminhos Solidários - SIMULADO;Casa Caminhos;;;ESPONTANEO;2026-08-20 15:16:00;MASCULINO;NAO_INFORMADO;ABRIGO;Abrigo;Atendimento espontâneo fictício para teste de dashboard/RAG;True
217;6;Casa Caminhos - Acolhimento Noturno;Rua Simulada, 600 - Maringá/PR;1;Instituto Caminhos Solidários - SIMULADO;Casa Caminhos;;;ESPONTANEO;2026-08-20 22:28:00;MASCULINO;19-30;ABRIGO;Abrigo;Atendimento espontâneo fictício para teste de dashboard/RAG;True
132;4;Acolher - Unidade Norte;Rua Modelo, 440 - Maringá/PR;4;Centro Comunitário Acolher - SIMULADO;Acolher;239;CAT-20260820-0001;TOTEM;2026-08-21 01:45:00;FEMININO;31-50;ABRIGO;Abrigo;Registro fictício para teste de dashboard/RAG;True
127;5;Rede Solidária - Ponto de Apoio;Praça Exemplo, 55 - Centro, Maringá/PR;5;Rede Solidária Maringá - SIMULADO;Rede Solidária;131;EST-20260820-0001;TOTEM;2026-08-21 08:27:00;MASCULINO;51-70;ALIMENTACAO;Alimentação;Registro fictício para teste de dashboard/RAG;True
128;5;Rede Solidária - Ponto de Apoio;Praça Exemplo, 55 - Centro, Maringá/PR;5;Rede Solidária Maringá - SIMULADO;Rede Solidária;131;EST-20260820-0001;TOTEM;2026-08-21 08:27:00;MASCULINO;51-70;ROUPA;Roupa;Registro fictício para teste de dashboard/RAG;True
51;2;Mesa Aberta - Cozinha Comunitária;Avenida Fictícia, 220 - Centro, Maringá/PR;2;Associação Mesa Aberta - SIMULADO;Mesa Aberta;236;TER-20260820-0002;TOTEM;2026-08-21 20:19:00;FEMININO;51-70;ALIMENTACAO;Alimentação;Registro fictício para teste de dashboard/RAG;True
83;1;Casa Caminhos - Unidade Centro;Rua Exemplo, 101 - Centro, Maringá/PR;1;Instituto Caminhos Solidários - SIMULADO;Casa Caminhos;91;EST-20260821-0002;TOTEM;2026-08-21 20:49:00;NAO_INFORMADO;31-50;ABRIGO;Abrigo;Registro fictício para teste de dashboard/RAG;True
107;5;Rede Solidária - Ponto de Apoio;Praça Exemplo, 55 - Centro, Maringá/PR;5;Rede Solidária Maringá - SIMULADO;Rede Solidária;169;EST-20260820-0002;TOTEM;2026-08-21 21:14:00;FEMININO;51-70;ROUPA;Roupa;Registro fictício para teste de dashboard/RAG;True
72;1;Casa Caminhos - Unidade Centro;Rua Exemplo, 101 - Centro, Maringá/PR;1;Instituto Caminhos Solidários - SIMULADO;Casa Caminhos;84;CAT-20260821-0001;TOTEM;2026-08-22 05:12:00;FEMININO;19-30;ROUPA;Roupa;Registro fictício para teste de dashboard/RAG;True
31;3;Ponto de Recomeço - Centro;Rua Inventada, 315 - Zona 01, Maringá/PR;3;Instituto Recomeço Social - SIMULADO;Ponto de Recomeço;234;CAT-20260821-0002;TOTEM;2026-08-22 09:45:00;FEMININO;31-50;ROUPA;Roupa;Registro fictício para teste de dashboard/RAG;True
2;3;Ponto de Recomeço - Centro;Rua Inventada, 315 - Zona 01, Maringá/PR;3;Instituto Recomeço Social - SIMULADO;Ponto de Recomeço;95;EST-20260822-0002;TOTEM;2026-08-22 21:02:00;NAO_INFORMADO;19-30;ROUPA;Roupa;Registro fictício para teste de dashboard/RAG;True
89;2;Mesa Aberta - Cozinha Comunitária;Avenida Fictícia, 220 - Centro, Maringá/PR;2;Associação Mesa Aberta - SIMULADO;Mesa Aberta;64;CAT-20260822-0001;TOTEM;2026-08-23 07:17:00;MASCULINO;31-50;ALIMENTACAO;Alimentação;Registro fictício para teste de dashboard/RAG;True
78;6;Casa Caminhos - Acolhimento Noturno;Rua Simulada, 600 - Maringá/PR;1;Instituto Caminhos Solidários - SIMULADO;Casa Caminhos;45;EST-20260822-0001;TOTEM;2026-08-23 10:21:00;MASCULINO;NAO_INFORMADO;ABRIGO;Abrigo;Registro fictício para teste de dashboard/RAG;True
220;2;Mesa Aberta - Cozinha Comunitária;Avenida Fictícia, 220 - Centro, Maringá/PR;2;Associação Mesa Aberta - SIMULADO;Mesa Aberta;;;ESPONTANEO;2026-08-23 17:24:00;FEMININO;51-70;ALIMENTACAO;Alimentação;Atendimento espontâneo fictício para teste de dashboard/RAG;True
92;4;Acolher - Unidade Norte;Rua Modelo, 440 - Maringá/PR;4;Centro Comunitário Acolher - SIMULADO;Acolher;77;TER-20260823-0001;TOTEM;2026-08-23 21:22:00;FEMININO;19-30;ABRIGO;Abrigo;Registro fictício para teste de dashboard/RAG;True
168;1;Casa Caminhos - Unidade Centro;Rua Exemplo, 101 - Centro, Maringá/PR;1;Instituto Caminhos Solidários - SIMULADO;Casa Caminhos;;;ESPONTANEO;2026-08-25 01:50:00;MASCULINO;19-30;ABRIGO;Abrigo;Atendimento espontâneo fictício para teste de dashboard/RAG;True
3;5;Rede Solidária - Ponto de Apoio;Praça Exemplo, 55 - Centro, Maringá/PR;5;Rede Solidária Maringá - SIMULADO;Rede Solidária;85;CAT-20260824-0001;TOTEM;2026-08-25 04:38:00;FEMININO;19-30;ALIMENTACAO;Alimentação;Registro fictício para teste de dashboard/RAG;True
153;5;Rede Solidária - Ponto de Apoio;Praça Exemplo, 55 - Centro, Maringá/PR;5;Rede Solidária Maringá - SIMULADO;Rede Solidária;99;TER-20260825-0002;TOTEM;2026-08-25 17:54:00;FEMININO;19-30;ALIMENTACAO;Alimentação;Registro fictício para teste de dashboard/RAG;True
8;4;Acolher - Unidade Norte;Rua Modelo, 440 - Maringá/PR;4;Centro Comunitário Acolher - SIMULADO;Acolher;79;CAT-20260825-0001;TOTEM;2026-08-25 18:18:00;FEMININO;51-70;ALIMENTACAO;Alimentação;Registro fictício para teste de dashboard/RAG;True
9;3;Ponto de Recomeço - Centro;Rua Inventada, 315 - Zona 01, Maringá/PR;3;Instituto Recomeço Social - SIMULADO;Ponto de Recomeço;204;TER-20260825-0003;TOTEM;2026-08-26 02:02:00;MASCULINO;51-70;ALIMENTACAO;Alimentação;Registro fictício para teste de dashboard/RAG;True
10;3;Ponto de Recomeço - Centro;Rua Inventada, 315 - Zona 01, Maringá/PR;3;Instituto Recomeço Social - SIMULADO;Ponto de Recomeço;204;TER-20260825-0003;TOTEM;2026-08-26 02:02:00;MASCULINO;51-70;ROUPA;Roupa;Registro fictício para teste de dashboard/RAG;True
131;4;Acolher - Unidade Norte;Rua Modelo, 440 - Maringá/PR;4;Centro Comunitário Acolher - SIMULADO;Acolher;233;CAT-20260825-0002;TOTEM;2026-08-26 05:50:00;MASCULINO;19-30;ABRIGO;Abrigo;Registro fictício para teste de dashboard/RAG;True
15;2;Mesa Aberta - Cozinha Comunitária;Avenida Fictícia, 220 - Centro, Maringá/PR;2;Associação Mesa Aberta - SIMULADO;Mesa Aberta;177;TER-20260826-0001;TOTEM;2026-08-26 20:25:00;MASCULINO;31-50;ALIMENTACAO;Alimentação;Registro fictício para teste de dashboard/RAG;True
41;4;Acolher - Unidade Norte;Rua Modelo, 440 - Maringá/PR;4;Centro Comunitário Acolher - SIMULADO;Acolher;98;EST-20260826-0002;TOTEM;2026-08-27 01:21:00;MASCULINO;NAO_INFORMADO;ALIMENTACAO;Alimentação;Registro fictício para teste de dashboard/RAG;True
28;6;Casa Caminhos - Acolhimento Noturno;Rua Simulada, 600 - Maringá/PR;1;Instituto Caminhos Solidários - SIMULADO;Casa Caminhos;185;EST-20260826-0003;TOTEM;2026-08-27 03:34:00;FEMININO;51-70;ABRIGO;Abrigo;Registro fictício para teste de dashboard/RAG;True
205;3;Ponto de Recomeço - Centro;Rua Inventada, 315 - Zona 01, Maringá/PR;3;Instituto Recomeço Social - SIMULADO;Ponto de Recomeço;;;ESPONTANEO;2026-08-27 18:38:00;MASCULINO;51-70;ROUPA;Roupa;Atendimento espontâneo fictício para teste de dashboard/RAG;True
124;3;Ponto de Recomeço - Centro;Rua Inventada, 315 - Zona 01, Maringá/PR;3;Instituto Recomeço Social - SIMULADO;Ponto de Recomeço;55;CAT-20260826-0001;TOTEM;2026-08-28 00:16:00;FEMININO;NAO_INFORMADO;ALIMENTACAO;Alimentação;Registro fictício para teste de dashboard/RAG;True
157;5;Rede Solidária - Ponto de Apoio;Praça Exemplo, 55 - Centro, Maringá/PR;5;Rede Solidária Maringá - SIMULADO;Rede Solidária;219;CAT-20260827-0002;TOTEM;2026-08-28 18:21:00;FEMININO;31-50;ROUPA;Roupa;Registro fictício para teste de dashboard/RAG;True
126;3;Ponto de Recomeço - Centro;Rua Inventada, 315 - Zona 01, Maringá/PR;3;Instituto Recomeço Social - SIMULADO;Ponto de Recomeço;70;TER-20260830-0001;TOTEM;2026-08-31 02:34:00;FEMININO;31-50;ROUPA;Roupa;Registro fictício para teste de dashboard/RAG;True
71;6;Casa Caminhos - Acolhimento Noturno;Rua Simulada, 600 - Maringá/PR;1;Instituto Caminhos Solidários - SIMULADO;Casa Caminhos;144;EST-20260830-0001;TOTEM;2026-09-01 01:11:00;MASCULINO;19-30;ABRIGO;Abrigo;Registro fictício para teste de dashboard/RAG;True
101;4;Acolher - Unidade Norte;Rua Modelo, 440 - Maringá/PR;4;Centro Comunitário Acolher - SIMULADO;Acolher;90;TER-20260831-0001;TOTEM;2026-09-01 10:39:00;MASCULINO;19-30;ALIMENTACAO;Alimentação;Registro fictício para teste de dashboard/RAG;True
122;3;Ponto de Recomeço - Centro;Rua Inventada, 315 - Zona 01, Maringá/PR;3;Instituto Recomeço Social - SIMULADO;Ponto de Recomeço;66;TER-20260901-0001;TOTEM;2026-09-02 22:12:00;MASCULINO;31-50;ROUPA;Roupa;Registro fictício para teste de dashboard/RAG;True
93;4;Acolher - Unidade Norte;Rua Modelo, 440 - Maringá/PR;4;Centro Comunitário Acolher - SIMULADO;Acolher;58;EST-20260902-0001;TOTEM;2026-09-03 08:25:00;MASCULINO;19-30;ALIMENTACAO;Alimentação;Registro fictício para teste de dashboard/RAG;True
94;4;Acolher - Unidade Norte;Rua Modelo, 440 - Maringá/PR;4;Centro Comunitário Acolher - SIMULADO;Acolher;58;EST-20260902-0001;TOTEM;2026-09-03 08:25:00;MASCULINO;19-30;ABRIGO;Abrigo;Registro fictício para teste de dashboard/RAG;True
181;4;Acolher - Unidade Norte;Rua Modelo, 440 - Maringá/PR;4;Centro Comunitário Acolher - SIMULADO;Acolher;;;ESPONTANEO;2026-09-03 18:53:00;MASCULINO;31-50;ALIMENTACAO;Alimentação;Atendimento espontâneo fictício para teste de dashboard/RAG;True
142;5;Rede Solidária - Ponto de Apoio;Praça Exemplo, 55 - Centro, Maringá/PR;5;Rede Solidária Maringá - SIMULADO;Rede Solidária;225;CAT-20260902-0001;TOTEM;2026-09-04 00:04:00;MASCULINO;71+;ROUPA;Roupa;Registro fictício para teste de dashboard/RAG;True
84;6;Casa Caminhos - Acolhimento Noturno;Rua Simulada, 600 - Maringá/PR;1;Instituto Caminhos Solidários - SIMULADO;Casa Caminhos;165;EST-20260903-0001;TOTEM;2026-09-04 11:26:00;MASCULINO;31-50;ABRIGO;Abrigo;Registro fictício para teste de dashboard/RAG;True
63;2;Mesa Aberta - Cozinha Comunitária;Avenida Fictícia, 220 - Centro, Maringá/PR;2;Associação Mesa Aberta - SIMULADO;Mesa Aberta;129;TER-20260906-0001;TOTEM;2026-09-07 08:34:00;MASCULINO;51-70;ALIMENTACAO;Alimentação;Registro fictício para teste de dashboard/RAG;True
116;5;Rede Solidária - Ponto de Apoio;Praça Exemplo, 55 - Centro, Maringá/PR;5;Rede Solidária Maringá - SIMULADO;Rede Solidária;218;EST-20260906-0003;TOTEM;2026-09-07 14:01:00;MASCULINO;19-30;ALIMENTACAO;Alimentação;Registro fictício para teste de dashboard/RAG;True
73;2;Mesa Aberta - Cozinha Comunitária;Avenida Fictícia, 220 - Centro, Maringá/PR;2;Associação Mesa Aberta - SIMULADO;Mesa Aberta;170;EST-20260906-0002;TOTEM;2026-09-07 16:08:00;MASCULINO;NAO_INFORMADO;ALIMENTACAO;Alimentação;Registro fictício para teste de dashboard/RAG;True
29;4;Acolher - Unidade Norte;Rua Modelo, 440 - Maringá/PR;4;Centro Comunitário Acolher - SIMULADO;Acolher;14;EST-20260906-0001;TOTEM;2026-09-07 16:13:00;OUTRO;NAO_INFORMADO;ABRIGO;Abrigo;Registro fictício para teste de dashboard/RAG;True
30;4;Acolher - Unidade Norte;Rua Modelo, 440 - Maringá/PR;4;Centro Comunitário Acolher - SIMULADO;Acolher;14;EST-20260906-0001;TOTEM;2026-09-07 16:13:00;OUTRO;NAO_INFORMADO;ALIMENTACAO;Alimentação;Registro fictício para teste de dashboard/RAG;True
182;6;Casa Caminhos - Acolhimento Noturno;Rua Simulada, 600 - Maringá/PR;1;Instituto Caminhos Solidários - SIMULADO;Casa Caminhos;;;ESPONTANEO;2026-09-07 23:10:00;MASCULINO;19-30;ABRIGO;Abrigo;Atendimento espontâneo fictício para teste de dashboard/RAG;True
36;1;Casa Caminhos - Unidade Centro;Rua Exemplo, 101 - Centro, Maringá/PR;1;Instituto Caminhos Solidários - SIMULADO;Casa Caminhos;135;EST-20260907-0001;TOTEM;2026-09-08 02:26:00;MASCULINO;NAO_INFORMADO;ABRIGO;Abrigo;Registro fictício para teste de dashboard/RAG;True
35;1;Casa Caminhos - Unidade Centro;Rua Exemplo, 101 - Centro, Maringá/PR;1;Instituto Caminhos Solidários - SIMULADO;Casa Caminhos;135;EST-20260907-0001;TOTEM;2026-09-08 02:26:00;MASCULINO;NAO_INFORMADO;ROUPA;Roupa;Registro fictício para teste de dashboard/RAG;True
198;2;Mesa Aberta - Cozinha Comunitária;Avenida Fictícia, 220 - Centro, Maringá/PR;2;Associação Mesa Aberta - SIMULADO;Mesa Aberta;;;ESPONTANEO;2026-09-08 18:11:00;MASCULINO;31-50;ALIMENTACAO;Alimentação;Atendimento espontâneo fictício para teste de dashboard/RAG;True
229;4;Acolher - Unidade Norte;Rua Modelo, 440 - Maringá/PR;4;Centro Comunitário Acolher - SIMULADO;Acolher;;;ESPONTANEO;2026-09-08 19:16:00;MASCULINO;19-30;ABRIGO;Abrigo;Atendimento espontâneo fictício para teste de dashboard/RAG;True
179;3;Ponto de Recomeço - Centro;Rua Inventada, 315 - Zona 01, Maringá/PR;3;Instituto Recomeço Social - SIMULADO;Ponto de Recomeço;;;ESPONTANEO;2026-09-09 01:39:00;NAO_INFORMADO;51-70;ALIMENTACAO;Alimentação;Atendimento espontâneo fictício para teste de dashboard/RAG;True
150;5;Rede Solidária - Ponto de Apoio;Praça Exemplo, 55 - Centro, Maringá/PR;5;Rede Solidária Maringá - SIMULADO;Rede Solidária;61;CAT-20260909-0001;TOTEM;2026-09-09 18:53:00;FEMININO;19-30;ALIMENTACAO;Alimentação;Registro fictício para teste de dashboard/RAG;True
67;2;Mesa Aberta - Cozinha Comunitária;Avenida Fictícia, 220 - Centro, Maringá/PR;2;Associação Mesa Aberta - SIMULADO;Mesa Aberta;181;CAT-20260910-0002;TOTEM;2026-09-10 14:06:00;OUTRO;19-30;ALIMENTACAO;Alimentação;Registro fictício para teste de dashboard/RAG;True
99;6;Casa Caminhos - Acolhimento Noturno;Rua Simulada, 600 - Maringá/PR;1;Instituto Caminhos Solidários - SIMULADO;Casa Caminhos;82;TER-20260910-0001;TOTEM;2026-09-10 16:42:00;FEMININO;51-70;ABRIGO;Abrigo;Registro fictício para teste de dashboard/RAG;True
6;3;Ponto de Recomeço - Centro;Rua Inventada, 315 - Zona 01, Maringá/PR;3;Instituto Recomeço Social - SIMULADO;Ponto de Recomeço;107;CAT-20260909-0002;TOTEM;2026-09-10 17:12:00;MASCULINO;51-70;ALIMENTACAO;Alimentação;Registro fictício para teste de dashboard/RAG;True
228;5;Rede Solidária - Ponto de Apoio;Praça Exemplo, 55 - Centro, Maringá/PR;5;Rede Solidária Maringá - SIMULADO;Rede Solidária;;;ESPONTANEO;2026-09-11 16:25:00;FEMININO;51-70;ROUPA;Roupa;Atendimento espontâneo fictício para teste de dashboard/RAG;True
53;6;Casa Caminhos - Acolhimento Noturno;Rua Simulada, 600 - Maringá/PR;1;Instituto Caminhos Solidários - SIMULADO;Casa Caminhos;240;TER-20260911-0001;TOTEM;2026-09-11 17:19:00;MASCULINO;71+;ABRIGO;Abrigo;Registro fictício para teste de dashboard/RAG;True
160;4;Acolher - Unidade Norte;Rua Modelo, 440 - Maringá/PR;4;Centro Comunitário Acolher - SIMULADO;Acolher;179;CAT-20260910-0001;TOTEM;2026-09-12 02:11:00;NAO_INFORMADO;19-30;ABRIGO;Abrigo;Registro fictício para teste de dashboard/RAG;True
133;4;Acolher - Unidade Norte;Rua Modelo, 440 - Maringá/PR;4;Centro Comunitário Acolher - SIMULADO;Acolher;76;CAT-20260911-0001;TOTEM;2026-09-12 12:30:00;MASCULINO;31-50;ABRIGO;Abrigo;Registro fictício para teste de dashboard/RAG;True
87;5;Rede Solidária - Ponto de Apoio;Praça Exemplo, 55 - Centro, Maringá/PR;5;Rede Solidária Maringá - SIMULADO;Rede Solidária;124;TER-20260912-0003;TOTEM;2026-09-12 22:48:00;FEMININO;31-50;ALIMENTACAO;Alimentação;Registro fictício para teste de dashboard/RAG;True
96;4;Acolher - Unidade Norte;Rua Modelo, 440 - Maringá/PR;4;Centro Comunitário Acolher - SIMULADO;Acolher;74;CAT-20260913-0001;TOTEM;2026-09-14 00:51:00;FEMININO;19-30;ABRIGO;Abrigo;Registro fictício para teste de dashboard/RAG;True
43;5;Rede Solidária - Ponto de Apoio;Praça Exemplo, 55 - Centro, Maringá/PR;5;Rede Solidária Maringá - SIMULADO;Rede Solidária;175;TER-20260913-0001;TOTEM;2026-09-14 04:39:00;NAO_INFORMADO;NAO_INFORMADO;ROUPA;Roupa;Registro fictício para teste de dashboard/RAG;True
44;5;Rede Solidária - Ponto de Apoio;Praça Exemplo, 55 - Centro, Maringá/PR;5;Rede Solidária Maringá - SIMULADO;Rede Solidária;175;TER-20260913-0001;TOTEM;2026-09-14 04:39:00;NAO_INFORMADO;NAO_INFORMADO;ALIMENTACAO;Alimentação;Registro fictício para teste de dashboard/RAG;True
180;1;Casa Caminhos - Unidade Centro;Rua Exemplo, 101 - Centro, Maringá/PR;1;Instituto Caminhos Solidários - SIMULADO;Casa Caminhos;;;ESPONTANEO;2026-09-14 15:09:00;MASCULINO;19-30;ABRIGO;Abrigo;Atendimento espontâneo fictício para teste de dashboard/RAG;True
167;2;Mesa Aberta - Cozinha Comunitária;Avenida Fictícia, 220 - Centro, Maringá/PR;2;Associação Mesa Aberta - SIMULADO;Mesa Aberta;;;ESPONTANEO;2026-09-14 17:51:00;MASCULINO;51-70;ALIMENTACAO;Alimentação;Atendimento espontâneo fictício para teste de dashboard/RAG;True
151;6;Casa Caminhos - Acolhimento Noturno;Rua Simulada, 600 - Maringá/PR;1;Instituto Caminhos Solidários - SIMULADO;Casa Caminhos;136;TER-20260914-0001;TOTEM;2026-09-14 19:52:00;FEMININO;51-70;ABRIGO;Abrigo;Registro fictício para teste de dashboard/RAG;True
75;5;Rede Solidária - Ponto de Apoio;Praça Exemplo, 55 - Centro, Maringá/PR;5;Rede Solidária Maringá - SIMULADO;Rede Solidária;211;CAT-20260916-0001;TOTEM;2026-09-16 15:22:00;MASCULINO;31-50;ROUPA;Roupa;Registro fictício para teste de dashboard/RAG;True
37;1;Casa Caminhos - Unidade Centro;Rua Exemplo, 101 - Centro, Maringá/PR;1;Instituto Caminhos Solidários - SIMULADO;Casa Caminhos;227;TER-20260916-0003;TOTEM;2026-09-16 17:24:00;FEMININO;NAO_INFORMADO;ROUPA;Roupa;Registro fictício para teste de dashboard/RAG;True
174;6;Casa Caminhos - Acolhimento Noturno;Rua Simulada, 600 - Maringá/PR;1;Instituto Caminhos Solidários - SIMULADO;Casa Caminhos;;;ESPONTANEO;2026-09-16 18:51:00;OUTRO;51-70;ABRIGO;Abrigo;Atendimento espontâneo fictício para teste de dashboard/RAG;True
105;5;Rede Solidária - Ponto de Apoio;Praça Exemplo, 55 - Centro, Maringá/PR;5;Rede Solidária Maringá - SIMULADO;Rede Solidária;156;TER-20260916-0002;TOTEM;2026-09-16 23:11:00;MASCULINO;19-30;ROUPA;Roupa;Registro fictício para teste de dashboard/RAG;True
48;1;Casa Caminhos - Unidade Centro;Rua Exemplo, 101 - Centro, Maringá/PR;1;Instituto Caminhos Solidários - SIMULADO;Casa Caminhos;147;TER-20260916-0001;TOTEM;2026-09-17 17:22:00;NAO_INFORMADO;31-50;ROUPA;Roupa;Registro fictício para teste de dashboard/RAG;True
97;2;Mesa Aberta - Cozinha Comunitária;Avenida Fictícia, 220 - Centro, Maringá/PR;2;Associação Mesa Aberta - SIMULADO;Mesa Aberta;184;EST-20260918-0002;TOTEM;2026-09-18 16:47:00;MASCULINO;31-50;ALIMENTACAO;Alimentação;Registro fictício para teste de dashboard/RAG;True
118;1;Casa Caminhos - Unidade Centro;Rua Exemplo, 101 - Centro, Maringá/PR;1;Instituto Caminhos Solidários - SIMULADO;Casa Caminhos;160;TER-20260918-0002;TOTEM;2026-09-19 14:58:00;MASCULINO;51-70;ABRIGO;Abrigo;Registro fictício para teste de dashboard/RAG;True
119;1;Casa Caminhos - Unidade Centro;Rua Exemplo, 101 - Centro, Maringá/PR;1;Instituto Caminhos Solidários - SIMULADO;Casa Caminhos;160;TER-20260918-0002;TOTEM;2026-09-19 14:58:00;MASCULINO;51-70;ROUPA;Roupa;Registro fictício para teste de dashboard/RAG;True
163;3;Ponto de Recomeço - Centro;Rua Inventada, 315 - Zona 01, Maringá/PR;3;Instituto Recomeço Social - SIMULADO;Ponto de Recomeço;62;CAT-20260919-0002;TOTEM;2026-09-19 20:19:00;MASCULINO;31-50;ROUPA;Roupa;Registro fictício para teste de dashboard/RAG;True
162;3;Ponto de Recomeço - Centro;Rua Inventada, 315 - Zona 01, Maringá/PR;3;Instituto Recomeço Social - SIMULADO;Ponto de Recomeço;62;CAT-20260919-0002;TOTEM;2026-09-19 20:19:00;MASCULINO;31-50;ALIMENTACAO;Alimentação;Registro fictício para teste de dashboard/RAG;True
69;5;Rede Solidária - Ponto de Apoio;Praça Exemplo, 55 - Centro, Maringá/PR;5;Rede Solidária Maringá - SIMULADO;Rede Solidária;133;TER-20260918-0001;TOTEM;2026-09-20 01:48:00;MASCULINO;31-50;ROUPA;Roupa;Registro fictício para teste de dashboard/RAG;True
66;5;Rede Solidária - Ponto de Apoio;Praça Exemplo, 55 - Centro, Maringá/PR;5;Rede Solidária Maringá - SIMULADO;Rede Solidária;16;CAT-20260920-0001;TOTEM;2026-09-20 19:54:00;NAO_INFORMADO;51-70;ROUPA;Roupa;Registro fictício para teste de dashboard/RAG;True
219;2;Mesa Aberta - Cozinha Comunitária;Avenida Fictícia, 220 - Centro, Maringá/PR;2;Associação Mesa Aberta - SIMULADO;Mesa Aberta;;;ESPONTANEO;2026-09-21 19:02:00;MASCULINO;19-30;ALIMENTACAO;Alimentação;Atendimento espontâneo fictício para teste de dashboard/RAG;True
170;2;Mesa Aberta - Cozinha Comunitária;Avenida Fictícia, 220 - Centro, Maringá/PR;2;Associação Mesa Aberta - SIMULADO;Mesa Aberta;;;ESPONTANEO;2026-09-22 01:33:00;FEMININO;19-30;ALIMENTACAO;Alimentação;Atendimento espontâneo fictício para teste de dashboard/RAG;True
115;3;Ponto de Recomeço - Centro;Rua Inventada, 315 - Zona 01, Maringá/PR;3;Instituto Recomeço Social - SIMULADO;Ponto de Recomeço;11;EST-20260921-0001;TOTEM;2026-09-22 11:14:00;FEMININO;51-70;ROUPA;Roupa;Registro fictício para teste de dashboard/RAG;True
114;3;Ponto de Recomeço - Centro;Rua Inventada, 315 - Zona 01, Maringá/PR;3;Instituto Recomeço Social - SIMULADO;Ponto de Recomeço;11;EST-20260921-0001;TOTEM;2026-09-22 11:14:00;FEMININO;51-70;ALIMENTACAO;Alimentação;Registro fictício para teste de dashboard/RAG;True
56;5;Rede Solidária - Ponto de Apoio;Praça Exemplo, 55 - Centro, Maringá/PR;5;Rede Solidária Maringá - SIMULADO;Rede Solidária;108;EST-20260921-0003;TOTEM;2026-09-22 12:56:00;FEMININO;31-50;ROUPA;Roupa;Registro fictício para teste de dashboard/RAG;True
103;1;Casa Caminhos - Unidade Centro;Rua Exemplo, 101 - Centro, Maringá/PR;1;Instituto Caminhos Solidários - SIMULADO;Casa Caminhos;200;CAT-20260921-0001;TOTEM;2026-09-22 13:03:00;FEMININO;31-50;ABRIGO;Abrigo;Registro fictício para teste de dashboard/RAG;True
102;1;Casa Caminhos - Unidade Centro;Rua Exemplo, 101 - Centro, Maringá/PR;1;Instituto Caminhos Solidários - SIMULADO;Casa Caminhos;200;CAT-20260921-0001;TOTEM;2026-09-22 13:03:00;FEMININO;31-50;ROUPA;Roupa;Registro fictício para teste de dashboard/RAG;True
76;4;Acolher - Unidade Norte;Rua Modelo, 440 - Maringá/PR;4;Centro Comunitário Acolher - SIMULADO;Acolher;97;EST-20260921-0002;TOTEM;2026-09-22 18:16:00;FEMININO;19-30;ABRIGO;Abrigo;Registro fictício para teste de dashboard/RAG;True
25;1;Casa Caminhos - Unidade Centro;Rua Exemplo, 101 - Centro, Maringá/PR;1;Instituto Caminhos Solidários - SIMULADO;Casa Caminhos;149;TER-20260922-0001;TOTEM;2026-09-22 22:17:00;FEMININO;31-50;ABRIGO;Abrigo;Registro fictício para teste de dashboard/RAG;True
139;3;Ponto de Recomeço - Centro;Rua Inventada, 315 - Zona 01, Maringá/PR;3;Instituto Recomeço Social - SIMULADO;Ponto de Recomeço;116;EST-20260922-0001;TOTEM;2026-09-22 23:40:00;MASCULINO;31-50;ALIMENTACAO;Alimentação;Registro fictício para teste de dashboard/RAG;True
24;1;Casa Caminhos - Unidade Centro;Rua Exemplo, 101 - Centro, Maringá/PR;1;Instituto Caminhos Solidários - SIMULADO;Casa Caminhos;199;TER-20260923-0003;TOTEM;2026-09-25 04:48:00;MASCULINO;31-50;ABRIGO;Abrigo;Registro fictício para teste de dashboard/RAG;True
23;1;Casa Caminhos - Unidade Centro;Rua Exemplo, 101 - Centro, Maringá/PR;1;Instituto Caminhos Solidários - SIMULADO;Casa Caminhos;199;TER-20260923-0003;TOTEM;2026-09-25 04:48:00;MASCULINO;31-50;ROUPA;Roupa;Registro fictício para teste de dashboard/RAG;True
60;3;Ponto de Recomeço - Centro;Rua Inventada, 315 - Zona 01, Maringá/PR;3;Instituto Recomeço Social - SIMULADO;Ponto de Recomeço;53;CAT-20260924-0003;TOTEM;2026-09-25 04:49:00;MASCULINO;NAO_INFORMADO;ALIMENTACAO;Alimentação;Registro fictício para teste de dashboard/RAG;True
109;5;Rede Solidária - Ponto de Apoio;Praça Exemplo, 55 - Centro, Maringá/PR;5;Rede Solidária Maringá - SIMULADO;Rede Solidária;102;TER-20260924-0001;TOTEM;2026-09-25 09:16:00;FEMININO;51-70;ALIMENTACAO;Alimentação;Registro fictício para teste de dashboard/RAG;True
18;6;Casa Caminhos - Acolhimento Noturno;Rua Simulada, 600 - Maringá/PR;1;Instituto Caminhos Solidários - SIMULADO;Casa Caminhos;153;CAT-20260924-0004;TOTEM;2026-09-25 16:23:00;FEMININO;NAO_INFORMADO;ABRIGO;Abrigo;Registro fictício para teste de dashboard/RAG;True
90;3;Ponto de Recomeço - Centro;Rua Inventada, 315 - Zona 01, Maringá/PR;3;Instituto Recomeço Social - SIMULADO;Ponto de Recomeço;72;EST-20260924-0002;TOTEM;2026-09-25 20:10:00;MASCULINO;31-50;ALIMENTACAO;Alimentação;Registro fictício para teste de dashboard/RAG;True
125;6;Casa Caminhos - Acolhimento Noturno;Rua Simulada, 600 - Maringá/PR;1;Instituto Caminhos Solidários - SIMULADO;Casa Caminhos;52;CAT-20260924-0002;TOTEM;2026-09-25 20:54:00;MASCULINO;19-30;ABRIGO;Abrigo;Registro fictício para teste de dashboard/RAG;True
19;5;Rede Solidária - Ponto de Apoio;Praça Exemplo, 55 - Centro, Maringá/PR;5;Rede Solidária Maringá - SIMULADO;Rede Solidária;122;TER-20260925-0003;TOTEM;2026-09-26 07:28:00;FEMININO;31-50;ALIMENTACAO;Alimentação;Registro fictício para teste de dashboard/RAG;True
212;3;Ponto de Recomeço - Centro;Rua Inventada, 315 - Zona 01, Maringá/PR;3;Instituto Recomeço Social - SIMULADO;Ponto de Recomeço;;;ESPONTANEO;2026-09-27 00:45:00;NAO_INFORMADO;19-30;ROUPA;Roupa;Atendimento espontâneo fictício para teste de dashboard/RAG;True
212;3;Ponto de Recomeço - Centro;Rua Inventada, 315 - Zona 01, Maringá/PR;3;Instituto Recomeço Social - SIMULADO;Ponto de Recomeço;;;ESPONTANEO;2026-09-27 00:45:00;NAO_INFORMADO;19-30;ALIMENTACAO;Alimentação;Atendimento espontâneo fictício para teste de dashboard/RAG;True
16;1;Casa Caminhos - Unidade Centro;Rua Exemplo, 101 - Centro, Maringá/PR;1;Instituto Caminhos Solidários - SIMULADO;Casa Caminhos;162;CAT-20260925-0001;TOTEM;2026-09-27 05:07:00;FEMININO;NAO_INFORMADO;ROUPA;Roupa;Registro fictício para teste de dashboard/RAG;True
158;4;Acolher - Unidade Norte;Rua Modelo, 440 - Maringá/PR;4;Centro Comunitário Acolher - SIMULADO;Acolher;138;EST-20260926-0001;TOTEM;2026-09-27 11:33:00;FEMININO;19-30;ABRIGO;Abrigo;Registro fictício para teste de dashboard/RAG;True
199;6;Casa Caminhos - Acolhimento Noturno;Rua Simulada, 600 - Maringá/PR;1;Instituto Caminhos Solidários - SIMULADO;Casa Caminhos;;;ESPONTANEO;2026-09-27 14:09:00;FEMININO;31-50;ABRIGO;Abrigo;Atendimento espontâneo fictício para teste de dashboard/RAG;True
227;6;Casa Caminhos - Acolhimento Noturno;Rua Simulada, 600 - Maringá/PR;1;Instituto Caminhos Solidários - SIMULADO;Casa Caminhos;;;ESPONTANEO;2026-09-28 20:07:00;FEMININO;31-50;ABRIGO;Abrigo;Atendimento espontâneo fictício para teste de dashboard/RAG;True
27;2;Mesa Aberta - Cozinha Comunitária;Avenida Fictícia, 220 - Centro, Maringá/PR;2;Associação Mesa Aberta - SIMULADO;Mesa Aberta;59;CAT-20260928-0002;TOTEM;2026-09-28 20:26:00;NAO_INFORMADO;31-50;ALIMENTACAO;Alimentação;Registro fictício para teste de dashboard/RAG;True
111;1;Casa Caminhos - Unidade Centro;Rua Exemplo, 101 - Centro, Maringá/PR;1;Instituto Caminhos Solidários - SIMULADO;Casa Caminhos;89;EST-20260928-0001;TOTEM;2026-09-29 12:40:00;MASCULINO;19-30;ABRIGO;Abrigo;Registro fictício para teste de dashboard/RAG;True
110;1;Casa Caminhos - Unidade Centro;Rua Exemplo, 101 - Centro, Maringá/PR;1;Instituto Caminhos Solidários - SIMULADO;Casa Caminhos;89;EST-20260928-0001;TOTEM;2026-09-29 12:40:00;MASCULINO;19-30;ROUPA;Roupa;Registro fictício para teste de dashboard/RAG;True
58;4;Acolher - Unidade Norte;Rua Modelo, 440 - Maringá/PR;4;Centro Comunitário Acolher - SIMULADO;Acolher;106;EST-20260928-0002;TOTEM;2026-09-29 23:19:00;FEMININO;31-50;ALIMENTACAO;Alimentação;Registro fictício para teste de dashboard/RAG;True
