id_ticket;id_totem;nome_totem;endereco_totem;latitude_totem;longitude_totem;id_local;nome_local;endereco_local;latitude_local;longitude_local;id_doador;razao_social;nome_fantasia;codigo_senha;senha_sequencial;data_hora_emissao;data_hora_expiracao;status;tipos_solicitados;total_tipos_solicitados;simulado
164;2;Terminal Urbano;Terminal Urbano - Maringá/PR;-23.4253;-51.9387;3;Ponto de Recomeço - Centro;Rua Inventada, 315 - Zona 01, Maringá/PR;-23.4215;-51.936;3;Instituto Recomeço Social - SIMULADO;Ponto de Recomeço;TER-20260701-0001;1;2026-07-01 15:29:00;2026-07-02 15:29:00;EXPIRADO;ALIMENTACAO|ROUPA;2;True
125;2;Terminal Urbano;Terminal Urbano - Maringá/PR;-23.4253;-51.9387;4;Acolher - Unidade Norte;Rua Modelo, 440 - Maringá/PR;-23.4175;-51.932;4;Centro Comunitário Acolher - SIMULADO;Acolher;TER-20260702-0001;1;2026-07-02 16:39:00;2026-07-03 16:39:00;EXPIRADO;ALIMENTACAO;1;True
143;1;Estádio Willie Davis;Estádio Willie Davis - Maringá/PR;-23.4205;-51.9331;1;Casa Caminhos - Unidade Centro;Rua Exemplo, 101 - Centro, Maringá/PR;-23.423;-51.9345;1;Instituto Caminhos Solidários - SIMULADO;Casa Caminhos;EST-20260703-0001;1;2026-07-03 09:58:00;2026-07-04 09:58:00;UTILIZADO;ROUPA;1;True
166;2;Terminal Urbano;Terminal Urbano - Maringá/PR;-23.4253;-51.9387;1;Casa Caminhos - Unidade Centro;Rua Exemplo, 101 - Centro, Maringá/PR;-23.423;-51.9345;1;Instituto Caminhos Solidários - SIMULADO;Casa Caminhos;TER-20260703-0001;1;2026-07-03 14:50:00;2026-07-04 14:50:00;EXPIRADO;ROUPA;1;True
2;3;Catedral;Catedral Basílica Menor - Maringá/PR;-23.4247;-51.9383;5;Rede Solidária - Ponto de Apoio;Praça Exemplo, 55 - Centro, Maringá/PR;-23.4245;-51.9375;5;Rede Solidária Maringá - SIMULADO;Rede Solidária;CAT-20260704-0001;1;2026-07-04 08:35:00;2026-07-05 08:35:00;UTILIZADO;ALIMENTACAO|ROUPA;2;True
71;1;Estádio Willie Davis;Estádio Willie Davis - Maringá/PR;-23.4205;-51.9331;6;Casa Caminhos - Acolhimento Noturno;Rua Simulada, 600 - Maringá/PR;-23.427;-51.9355;1;Instituto Caminhos Solidários - SIMULADO;Casa Caminhos;EST-20260704-0001;1;2026-07-04 11:13:00;2026-07-05 11:13:00;UTILIZADO;ABRIGO;1;True
190;2;Terminal Urbano;Terminal Urbano - Maringá/PR;-23.4253;-51.9387;5;Rede Solidária - Ponto de Apoio;Praça Exemplo, 55 - Centro, Maringá/PR;-23.4245;-51.9375;5;Rede Solidária Maringá - SIMULADO;Rede Solidária;TER-20260704-0001;1;2026-07-04 14:04:00;2026-07-05 14:04:00;UTILIZADO;ALIMENTACAO;1;True
49;1;Estádio Willie Davis;Estádio Willie Davis - Maringá/PR;-23.4205;-51.9331;1;Casa Caminhos - Unidade Centro;Rua Exemplo, 101 - Centro, Maringá/PR;-23.423;-51.9345;1;Instituto Caminhos Solidários - SIMULADO;Casa Caminhos;EST-20260705-0002;2;2026-07-05 08:51:00;2026-07-06 08:51:00;EMITIDO;ROUPA;1;True
210;1;Estádio Willie Davis;Estádio Willie Davis - Maringá/PR;-23.4205;-51.9331;6;Casa Caminhos - Acolhimento Noturno;Rua Simulada, 600 - Maringá/PR;-23.427;-51.9355;1;Instituto Caminhos Solidários - SIMULADO;Casa Caminhos;EST-20260705-0003;3;2026-07-05 09:09:00;2026-07-06 09:09:00;UTILIZADO;ABRIGO;1;True
46;1;Estádio Willie Davis;Estádio Willie Davis - Maringá/PR;-23.4205;-51.9331;1;Casa Caminhos - Unidade Centro;Rua Exemplo, 101 - Centro, Maringá/PR;-23.423;-51.9345;1;Instituto Caminhos Solidários - SIMULADO;Casa Caminhos;EST-20260705-0001;1;2026-07-05 15:01:00;2026-07-06 15:01:00;UTILIZADO;ROUPA;1;True
203;3;Catedral;Catedral Basílica Menor - Maringá/PR;-23.4247;-51.9383;4;Acolher - Unidade Norte;Rua Modelo, 440 - Maringá/PR;-23.4175;-51.932;4;Centro Comunitário Acolher - SIMULADO;Acolher;CAT-20260705-0001;1;2026-07-05 18:02:00;2026-07-06 18:02:00;UTILIZADO;ALIMENTACAO;1;True
202;2;Terminal Urbano;Terminal Urbano - Maringá/PR;-23.4253;-51.9387;2;Mesa Aberta - Cozinha Comunitária;Avenida Fictícia, 220 - Centro, Maringá/PR;-23.426;-51.94;2;Associação Mesa Aberta - SIMULADO;Mesa Aberta;TER-20260706-0002;2;2026-07-06 12:23:00;2026-07-07 12:23:00;EXPIRADO;ALIMENTACAO;1;True
113;3;Catedral;Catedral Basílica Menor - Maringá/PR;-23.4247;-51.9383;1;Casa Caminhos - Unidade Centro;Rua Exemplo, 101 - Centro, Maringá/PR;-23.423;-51.9345;1;Instituto Caminhos Solidários - SIMULADO;Casa Caminhos;CAT-20260706-0001;1;2026-07-06 12:25:00;2026-07-07 12:25:00;EXPIRADO;ROUPA;1;True
5;2;Terminal Urbano;Terminal Urbano - Maringá/PR;-23.4253;-51.9387;5;Rede Solidária - Ponto de Apoio;Praça Exemplo, 55 - Centro, Maringá/PR;-23.4245;-51.9375;5;Rede Solidária Maringá - SIMULADO;Rede Solidária;TER-20260706-0001;1;2026-07-06 14:50:00;2026-07-07 14:50:00;UTILIZADO;ALIMENTACAO;1;True
232;2;Terminal Urbano;Terminal Urbano - Maringá/PR;-23.4253;-51.9387;3;Ponto de Recomeço - Centro;Rua Inventada, 315 - Zona 01, Maringá/PR;-23.4215;-51.936;3;Instituto Recomeço Social - SIMULADO;Ponto de Recomeço;TER-20260707-0002;2;2026-07-07 07:51:00;2026-07-08 07:51:00;UTILIZADO;ALIMENTACAO;1;True
13;2;Terminal Urbano;Terminal Urbano - Maringá/PR;-23.4253;-51.9387;5;Rede Solidária - Ponto de Apoio;Praça Exemplo, 55 - Centro, Maringá/PR;-23.4245;-51.9375;5;Rede Solidária Maringá - SIMULADO;Rede Solidária;TER-20260707-0001;1;2026-07-07 08:52:00;2026-07-08 08:52:00;UTILIZADO;ROUPA;1;True
31;1;Estádio Willie Davis;Estádio Willie Davis - Maringá/PR;-23.4205;-51.9331;1;Casa Caminhos - Unidade Centro;Rua Exemplo, 101 - Centro, Maringá/PR;-23.423;-51.9345;1;Instituto Caminhos Solidários - SIMULADO;Casa Caminhos;EST-20260708-0001;1;2026-07-08 07:51:00;2026-07-09 07:51:00;EMITIDO;ROUPA;1;True
176;3;Catedral;Catedral Basílica Menor - Maringá/PR;-23.4247;-51.9383;3;Ponto de Recomeço - Centro;Rua Inventada, 315 - Zona 01, Maringá/PR;-23.4215;-51.936;3;Instituto Recomeço Social - SIMULADO;Ponto de Recomeço;CAT-20260708-0002;2;2026-07-08 14:41:00;2026-07-09 14:41:00;UTILIZADO;ALIMENTACAO|ROUPA;2;True
146;3;Catedral;Catedral Basílica Menor - Maringá/PR;-23.4247;-51.9383;5;Rede Solidária - Ponto de Apoio;Praça Exemplo, 55 - Centro, Maringá/PR;-23.4245;-51.9375;5;Rede Solidária Maringá - SIMULADO;Rede Solidária;CAT-20260708-0001;1;2026-07-08 15:10:00;2026-07-09 15:10:00;EXPIRADO;ROUPA;1;True
195;1;Estádio Willie Davis;Estádio Willie Davis - Maringá/PR;-23.4205;-51.9331;5;Rede Solidária - Ponto de Apoio;Praça Exemplo, 55 - Centro, Maringá/PR;-23.4245;-51.9375;5;Rede Solidária Maringá - SIMULADO;Rede Solidária;EST-20260709-0001;1;2026-07-09 08:53:00;2026-07-10 08:53:00;EXPIRADO;ALIMENTACAO;1;True
21;2;Terminal Urbano;Terminal Urbano - Maringá/PR;-23.4253;-51.9387;2;Mesa Aberta - Cozinha Comunitária;Avenida Fictícia, 220 - Centro, Maringá/PR;-23.426;-51.94;2;Associação Mesa Aberta - SIMULADO;Mesa Aberta;TER-20260709-0001;1;2026-07-09 12:46:00;2026-07-10 12:46:00;UTILIZADO;ALIMENTACAO;1;True
173;3;Catedral;Catedral Basílica Menor - Maringá/PR;-23.4247;-51.9383;4;Acolher - Unidade Norte;Rua Modelo, 440 - Maringá/PR;-23.4175;-51.932;4;Centro Comunitário Acolher - SIMULADO;Acolher;CAT-20260709-0002;2;2026-07-09 15:00:00;2026-07-10 15:00:00;UTILIZADO;ABRIGO|ALIMENTACAO;2;True
32;3;Catedral;Catedral Basílica Menor - Maringá/PR;-23.4247;-51.9383;1;Casa Caminhos - Unidade Centro;Rua Exemplo, 101 - Centro, Maringá/PR;-23.423;-51.9345;1;Instituto Caminhos Solidários - SIMULADO;Casa Caminhos;CAT-20260709-0001;1;2026-07-09 17:09:00;2026-07-10 17:09:00;UTILIZADO;ABRIGO|ROUPA;2;True
75;3;Catedral;Catedral Basílica Menor - Maringá/PR;-23.4247;-51.9383;3;Ponto de Recomeço - Centro;Rua Inventada, 315 - Zona 01, Maringá/PR;-23.4215;-51.936;3;Instituto Recomeço Social - SIMULADO;Ponto de Recomeço;CAT-20260710-0001;1;2026-07-10 17:06:00;2026-07-11 17:06:00;EMITIDO;ROUPA;1;True
226;3;Catedral;Catedral Basílica Menor - Maringá/PR;-23.4247;-51.9383;4;Acolher - Unidade Norte;Rua Modelo, 440 - Maringá/PR;-23.4175;-51.932;4;Centro Comunitário Acolher - SIMULADO;Acolher;CAT-20260710-0002;2;2026-07-10 18:45:00;2026-07-11 18:45:00;UTILIZADO;ALIMENTACAO|ABRIGO;2;True
193;1;Estádio Willie Davis;Estádio Willie Davis - Maringá/PR;-23.4205;-51.9331;6;Casa Caminhos - Acolhimento Noturno;Rua Simulada, 600 - Maringá/PR;-23.427;-51.9355;1;Instituto Caminhos Solidários - SIMULADO;Casa Caminhos;EST-20260711-0001;1;2026-07-11 07:19:00;2026-07-12 07:19:00;UTILIZADO;ABRIGO;1;True
224;3;Catedral;Catedral Basílica Menor - Maringá/PR;-23.4247;-51.9383;1;Casa Caminhos - Unidade Centro;Rua Exemplo, 101 - Centro, Maringá/PR;-23.423;-51.9345;1;Instituto Caminhos Solidários - SIMULADO;Casa Caminhos;CAT-20260711-0002;2;2026-07-11 07:46:00;2026-07-12 07:46:00;EXPIRADO;ABRIGO;1;True
18;2;Terminal Urbano;Terminal Urbano - Maringá/PR;-23.4253;-51.9387;1;Casa Caminhos - Unidade Centro;Rua Exemplo, 101 - Centro, Maringá/PR;-23.423;-51.9345;1;Instituto Caminhos Solidários - SIMULADO;Casa Caminhos;TER-20260711-0001;1;2026-07-11 15:17:00;2026-07-12 15:17:00;EXPIRADO;ABRIGO|ROUPA;2;True
68;3;Catedral;Catedral Basílica Menor - Maringá/PR;-23.4247;-51.9383;5;Rede Solidária - Ponto de Apoio;Praça Exemplo, 55 - Centro, Maringá/PR;-23.4245;-51.9375;5;Rede Solidária Maringá - SIMULADO;Rede Solidária;CAT-20260711-0001;1;2026-07-11 17:58:00;2026-07-12 17:58:00;UTILIZADO;ROUPA;1;True
28;3;Catedral;Catedral Basílica Menor - Maringá/PR;-23.4247;-51.9383;6;Casa Caminhos - Acolhimento Noturno;Rua Simulada, 600 - Maringá/PR;-23.427;-51.9355;1;Instituto Caminhos Solidários - SIMULADO;Casa Caminhos;CAT-20260712-0001;1;2026-07-12 11:02:00;2026-07-13 11:02:00;UTILIZADO;ABRIGO;1;True
168;2;Terminal Urbano;Terminal Urbano - Maringá/PR;-23.4253;-51.9387;4;Acolher - Unidade Norte;Rua Modelo, 440 - Maringá/PR;-23.4175;-51.932;4;Centro Comunitário Acolher - SIMULADO;Acolher;TER-20260712-0001;1;2026-07-12 14:27:00;2026-07-13 14:27:00;EXPIRADO;ALIMENTACAO;1;True
152;2;Terminal Urbano;Terminal Urbano - Maringá/PR;-23.4253;-51.9387;2;Mesa Aberta - Cozinha Comunitária;Avenida Fictícia, 220 - Centro, Maringá/PR;-23.426;-51.94;2;Associação Mesa Aberta - SIMULADO;Mesa Aberta;TER-20260713-0001;1;2026-07-13 13:21:00;2026-07-14 13:21:00;EXPIRADO;ALIMENTACAO;1;True
7;1;Estádio Willie Davis;Estádio Willie Davis - Maringá/PR;-23.4205;-51.9331;1;Casa Caminhos - Unidade Centro;Rua Exemplo, 101 - Centro, Maringá/PR;-23.423;-51.9345;1;Instituto Caminhos Solidários - SIMULADO;Casa Caminhos;EST-20260713-0001;1;2026-07-13 13:29:00;2026-07-14 13:29:00;UTILIZADO;ABRIGO;1;True
171;2;Terminal Urbano;Terminal Urbano - Maringá/PR;-23.4253;-51.9387;1;Casa Caminhos - Unidade Centro;Rua Exemplo, 101 - Centro, Maringá/PR;-23.423;-51.9345;1;Instituto Caminhos Solidários - SIMULADO;Casa Caminhos;TER-20260714-0001;1;2026-07-14 09:29:00;2026-07-15 09:29:00;UTILIZADO;ABRIGO;1;True
154;3;Catedral;Catedral Basílica Menor - Maringá/PR;-23.4247;-51.9383;3;Ponto de Recomeço - Centro;Rua Inventada, 315 - Zona 01, Maringá/PR;-23.4215;-51.936;3;Instituto Recomeço Social - SIMULADO;Ponto de Recomeço;CAT-20260714-0001;1;2026-07-14 16:51:00;2026-07-15 16:51:00;UTILIZADO;ALIMENTACAO|ROUPA;2;True
38;3;Catedral;Catedral Basílica Menor - Maringá/PR;-23.4247;-51.9383;2;Mesa Aberta - Cozinha Comunitária;Avenida Fictícia, 220 - Centro, Maringá/PR;-23.426;-51.94;2;Associação Mesa Aberta - SIMULADO;Mesa Aberta;CAT-20260715-0001;1;2026-07-15 08:49:00;2026-07-16 08:49:00;EXPIRADO;ALIMENTACAO;1;True
194;1;Estádio Willie Davis;Estádio Willie Davis - Maringá/PR;-23.4205;-51.9331;6;Casa Caminhos - Acolhimento Noturno;Rua Simulada, 600 - Maringá/PR;-23.427;-51.9355;1;Instituto Caminhos Solidários - SIMULADO;Casa Caminhos;EST-20260715-0002;2;2026-07-15 11:55:00;2026-07-16 11:55:00;UTILIZADO;ABRIGO;1;True
130;1;Estádio Willie Davis;Estádio Willie Davis - Maringá/PR;-23.4205;-51.9331;3;Ponto de Recomeço - Centro;Rua Inventada, 315 - Zona 01, Maringá/PR;-23.4215;-51.936;3;Instituto Recomeço Social - SIMULADO;Ponto de Recomeço;EST-20260715-0001;1;2026-07-15 14:59:00;2026-07-16 14:59:00;CANCELADO;ALIMENTACAO;1;True
86;3;Catedral;Catedral Basílica Menor - Maringá/PR;-23.4247;-51.9383;3;Ponto de Recomeço - Centro;Rua Inventada, 315 - Zona 01, Maringá/PR;-23.4215;-51.936;3;Instituto Recomeço Social - SIMULADO;Ponto de Recomeço;CAT-20260716-0001;1;2026-07-16 10:17:00;2026-07-17 10:17:00;UTILIZADO;ROUPA;1;True
139;3;Catedral;Catedral Basílica Menor - Maringá/PR;-23.4247;-51.9383;3;Ponto de Recomeço - Centro;Rua Inventada, 315 - Zona 01, Maringá/PR;-23.4215;-51.936;3;Instituto Recomeço Social - SIMULADO;Ponto de Recomeço;CAT-20260716-0002;2;2026-07-16 14:45:00;2026-07-17 14:45:00;UTILIZADO;ROUPA;1;True
128;3;Catedral;Catedral Basílica Menor - Maringá/PR;-23.4247;-51.9383;1;Casa Caminhos - Unidade Centro;Rua Exemplo, 101 - Centro, Maringá/PR;-23.423;-51.9345;1;Instituto Caminhos Solidários - SIMULADO;Casa Caminhos;CAT-20260717-0002;2;2026-07-17 08:32:00;2026-07-18 08:32:00;EXPIRADO;ROUPA;1;True
220;2;Terminal Urbano;Terminal Urbano - Maringá/PR;-23.4253;-51.9387;6;Casa Caminhos - Acolhimento Noturno;Rua Simulada, 600 - Maringá/PR;-23.427;-51.9355;1;Instituto Caminhos Solidários - SIMULADO;Casa Caminhos;TER-20260717-0001;1;2026-07-17 14:23:00;2026-07-18 14:23:00;UTILIZADO;ABRIGO;1;True
114;3;Catedral;Catedral Basílica Menor - Maringá/PR;-23.4247;-51.9383;3;Ponto de Recomeço - Centro;Rua Inventada, 315 - Zona 01, Maringá/PR;-23.4215;-51.936;3;Instituto Recomeço Social - SIMULADO;Ponto de Recomeço;CAT-20260717-0001;1;2026-07-17 15:34:00;2026-07-18 15:34:00;CANCELADO;ALIMENTACAO|ROUPA;2;True
222;3;Catedral;Catedral Basílica Menor - Maringá/PR;-23.4247;-51.9383;2;Mesa Aberta - Cozinha Comunitária;Avenida Fictícia, 220 - Centro, Maringá/PR;-23.426;-51.94;2;Associação Mesa Aberta - SIMULADO;Mesa Aberta;CAT-20260717-0003;3;2026-07-17 17:40:00;2026-07-18 17:40:00;UTILIZADO;ALIMENTACAO;1;True
201;3;Catedral;Catedral Basílica Menor - Maringá/PR;-23.4247;-51.9383;4;Acolher - Unidade Norte;Rua Modelo, 440 - Maringá/PR;-23.4175;-51.932;4;Centro Comunitário Acolher - SIMULADO;Acolher;CAT-20260718-0001;1;2026-07-18 08:04:00;2026-07-19 08:04:00;EMITIDO;ABRIGO;1;True
63;1;Estádio Willie Davis;Estádio Willie Davis - Maringá/PR;-23.4205;-51.9331;3;Ponto de Recomeço - Centro;Rua Inventada, 315 - Zona 01, Maringá/PR;-23.4215;-51.936;3;Instituto Recomeço Social - SIMULADO;Ponto de Recomeço;EST-20260718-0001;1;2026-07-18 09:34:00;2026-07-19 09:34:00;UTILIZADO;ALIMENTACAO|ROUPA;2;True
115;2;Terminal Urbano;Terminal Urbano - Maringá/PR;-23.4253;-51.9387;5;Rede Solidária - Ponto de Apoio;Praça Exemplo, 55 - Centro, Maringá/PR;-23.4245;-51.9375;5;Rede Solidária Maringá - SIMULADO;Rede Solidária;TER-20260719-0001;1;2026-07-19 13:59:00;2026-07-20 13:59:00;EXPIRADO;ALIMENTACAO|ROUPA;2;True
159;3;Catedral;Catedral Basílica Menor - Maringá/PR;-23.4247;-51.9383;3;Ponto de Recomeço - Centro;Rua Inventada, 315 - Zona 01, Maringá/PR;-23.4215;-51.936;3;Instituto Recomeço Social - SIMULADO;Ponto de Recomeço;CAT-20260721-0002;2;2026-07-21 13:18:00;2026-07-22 13:18:00;UTILIZADO;ALIMENTACAO;1;True
9;3;Catedral;Catedral Basílica Menor - Maringá/PR;-23.4247;-51.9383;6;Casa Caminhos - Acolhimento Noturno;Rua Simulada, 600 - Maringá/PR;-23.427;-51.9355;1;Instituto Caminhos Solidários - SIMULADO;Casa Caminhos;CAT-20260721-0001;1;2026-07-21 14:53:00;2026-07-22 14:53:00;UTILIZADO;ABRIGO;1;True
67;2;Terminal Urbano;Terminal Urbano - Maringá/PR;-23.4253;-51.9387;5;Rede Solidária - Ponto de Apoio;Praça Exemplo, 55 - Centro, Maringá/PR;-23.4245;-51.9375;5;Rede Solidária Maringá - SIMULADO;Rede Solidária;TER-20260722-0001;1;2026-07-22 14:58:00;2026-07-23 14:58:00;EXPIRADO;ALIMENTACAO;1;True
223;3;Catedral;Catedral Basílica Menor - Maringá/PR;-23.4247;-51.9383;1;Casa Caminhos - Unidade Centro;Rua Exemplo, 101 - Centro, Maringá/PR;-23.423;-51.9345;1;Instituto Caminhos Solidários - SIMULADO;Casa Caminhos;CAT-20260722-0002;2;2026-07-22 18:14:00;2026-07-23 18:14:00;EMITIDO;ABRIGO;1;True
207;3;Catedral;Catedral Basílica Menor - Maringá/PR;-23.4247;-51.9383;5;Rede Solidária - Ponto de Apoio;Praça Exemplo, 55 - Centro, Maringá/PR;-23.4245;-51.9375;5;Rede Solidária Maringá - SIMULADO;Rede Solidária;CAT-20260722-0001;1;2026-07-22 18:46:00;2026-07-23 18:46:00;UTILIZADO;ALIMENTACAO;1;True
118;2;Terminal Urbano;Terminal Urbano - Maringá/PR;-23.4253;-51.9387;1;Casa Caminhos - Unidade Centro;Rua Exemplo, 101 - Centro, Maringá/PR;-23.423;-51.9345;1;Instituto Caminhos Solidários - SIMULADO;Casa Caminhos;TER-20260722-0002;2;2026-07-22 18:50:00;2026-07-23 18:50:00;UTILIZADO;ABRIGO|ROUPA;2;True
120;3;Catedral;Catedral Basílica Menor - Maringá/PR;-23.4247;-51.9383;1;Casa Caminhos - Unidade Centro;Rua Exemplo, 101 - Centro, Maringá/PR;-23.423;-51.9345;1;Instituto Caminhos Solidários - SIMULADO;Casa Caminhos;CAT-20260723-0001;1;2026-07-23 08:20:00;2026-07-24 08:20:00;EMITIDO;ABRIGO;1;True
142;3;Catedral;Catedral Basílica Menor - Maringá/PR;-23.4247;-51.9383;3;Ponto de Recomeço - Centro;Rua Inventada, 315 - Zona 01, Maringá/PR;-23.4215;-51.936;3;Instituto Recomeço Social - SIMULADO;Ponto de Recomeço;CAT-20260723-0002;2;2026-07-23 08:52:00;2026-07-24 08:52:00;EMITIDO;ALIMENTACAO;1;True
101;1;Estádio Willie Davis;Estádio Willie Davis - Maringá/PR;-23.4205;-51.9331;4;Acolher - Unidade Norte;Rua Modelo, 440 - Maringá/PR;-23.4175;-51.932;4;Centro Comunitário Acolher - SIMULADO;Acolher;EST-20260724-0001;1;2026-07-24 16:59:00;2026-07-25 16:59:00;UTILIZADO;ALIMENTACAO;1;True
24;3;Catedral;Catedral Basílica Menor - Maringá/PR;-23.4247;-51.9383;5;Rede Solidária - Ponto de Apoio;Praça Exemplo, 55 - Centro, Maringá/PR;-23.4245;-51.9375;5;Rede Solidária Maringá - SIMULADO;Rede Solidária;CAT-20260725-0001;1;2026-07-25 08:36:00;2026-07-26 08:36:00;UTILIZADO;ALIMENTACAO;1;True
183;2;Terminal Urbano;Terminal Urbano - Maringá/PR;-23.4253;-51.9387;4;Acolher - Unidade Norte;Rua Modelo, 440 - Maringá/PR;-23.4175;-51.932;4;Centro Comunitário Acolher - SIMULADO;Acolher;TER-20260725-0002;2;2026-07-25 10:51:00;2026-07-26 10:51:00;CANCELADO;ALIMENTACAO;1;True
30;2;Terminal Urbano;Terminal Urbano - Maringá/PR;-23.4253;-51.9387;5;Rede Solidária - Ponto de Apoio;Praça Exemplo, 55 - Centro, Maringá/PR;-23.4245;-51.9375;5;Rede Solidária Maringá - SIMULADO;Rede Solidária;TER-20260725-0001;1;2026-07-25 12:03:00;2026-07-26 12:03:00;UTILIZADO;ALIMENTACAO|ROUPA;2;True
216;2;Terminal Urbano;Terminal Urbano - Maringá/PR;-23.4253;-51.9387;3;Ponto de Recomeço - Centro;Rua Inventada, 315 - Zona 01, Maringá/PR;-23.4215;-51.936;3;Instituto Recomeço Social - SIMULADO;Ponto de Recomeço;TER-20260726-0001;1;2026-07-26 09:22:00;2026-07-27 09:22:00;UTILIZADO;ROUPA|ALIMENTACAO;2;True
57;3;Catedral;Catedral Basílica Menor - Maringá/PR;-23.4247;-51.9383;4;Acolher - Unidade Norte;Rua Modelo, 440 - Maringá/PR;-23.4175;-51.932;4;Centro Comunitário Acolher - SIMULADO;Acolher;CAT-20260726-0001;1;2026-07-26 09:30:00;2026-07-27 09:30:00;UTILIZADO;ABRIGO;1;True
39;1;Estádio Willie Davis;Estádio Willie Davis - Maringá/PR;-23.4205;-51.9331;1;Casa Caminhos - Unidade Centro;Rua Exemplo, 101 - Centro, Maringá/PR;-23.423;-51.9345;1;Instituto Caminhos Solidários - SIMULADO;Casa Caminhos;EST-20260727-0001;1;2026-07-27 18:43:00;2026-07-28 18:43:00;EMITIDO;ROUPA;1;True
4;1;Estádio Willie Davis;Estádio Willie Davis - Maringá/PR;-23.4205;-51.9331;3;Ponto de Recomeço - Centro;Rua Inventada, 315 - Zona 01, Maringá/PR;-23.4215;-51.936;3;Instituto Recomeço Social - SIMULADO;Ponto de Recomeço;EST-20260728-0001;1;2026-07-28 12:44:00;2026-07-29 12:44:00;UTILIZADO;ALIMENTACAO|ROUPA;2;True
81;2;Terminal Urbano;Terminal Urbano - Maringá/PR;-23.4253;-51.9387;1;Casa Caminhos - Unidade Centro;Rua Exemplo, 101 - Centro, Maringá/PR;-23.423;-51.9345;1;Instituto Caminhos Solidários - SIMULADO;Casa Caminhos;TER-20260728-0002;2;2026-07-28 13:03:00;2026-07-29 13:03:00;EXPIRADO;ROUPA;1;True
69;2;Terminal Urbano;Terminal Urbano - Maringá/PR;-23.4253;-51.9387;3;Ponto de Recomeço - Centro;Rua Inventada, 315 - Zona 01, Maringá/PR;-23.4215;-51.936;3;Instituto Recomeço Social - SIMULADO;Ponto de Recomeço;TER-20260728-0001;1;2026-07-28 14:45:00;2026-07-29 14:45:00;UTILIZADO;ALIMENTACAO;1;True
87;3;Catedral;Catedral Basílica Menor - Maringá/PR;-23.4247;-51.9383;1;Casa Caminhos - Unidade Centro;Rua Exemplo, 101 - Centro, Maringá/PR;-23.423;-51.9345;1;Instituto Caminhos Solidários - SIMULADO;Casa Caminhos;CAT-20260728-0001;1;2026-07-28 15:15:00;2026-07-29 15:15:00;UTILIZADO;ABRIGO;1;True
191;3;Catedral;Catedral Basílica Menor - Maringá/PR;-23.4247;-51.9383;1;Casa Caminhos - Unidade Centro;Rua Exemplo, 101 - Centro, Maringá/PR;-23.423;-51.9345;1;Instituto Caminhos Solidários - SIMULADO;Casa Caminhos;CAT-20260729-0004;4;2026-07-29 07:28:00;2026-07-30 07:28:00;UTILIZADO;ROUPA;1;True
1;3;Catedral;Catedral Basílica Menor - Maringá/PR;-23.4247;-51.9383;4;Acolher - Unidade Norte;Rua Modelo, 440 - Maringá/PR;-23.4175;-51.932;4;Centro Comunitário Acolher - SIMULADO;Acolher;CAT-20260729-0001;1;2026-07-29 09:22:00;2026-07-30 09:22:00;EMITIDO;ABRIGO;1;True
3;3;Catedral;Catedral Basílica Menor - Maringá/PR;-23.4247;-51.9383;1;Casa Caminhos - Unidade Centro;Rua Exemplo, 101 - Centro, Maringá/PR;-23.423;-51.9345;1;Instituto Caminhos Solidários - SIMULADO;Casa Caminhos;CAT-20260729-0002;2;2026-07-29 14:39:00;2026-07-30 14:39:00;EMITIDO;ROUPA;1;True
126;3;Catedral;Catedral Basílica Menor - Maringá/PR;-23.4247;-51.9383;2;Mesa Aberta - Cozinha Comunitária;Avenida Fictícia, 220 - Centro, Maringá/PR;-23.426;-51.94;2;Associação Mesa Aberta - SIMULADO;Mesa Aberta;CAT-20260729-0003;3;2026-07-29 17:51:00;2026-07-30 17:51:00;UTILIZADO;ALIMENTACAO;1;True
141;3;Catedral;Catedral Basílica Menor - Maringá/PR;-23.4247;-51.9383;1;Casa Caminhos - Unidade Centro;Rua Exemplo, 101 - Centro, Maringá/PR;-23.423;-51.9345;1;Instituto Caminhos Solidários - SIMULADO;Casa Caminhos;CAT-20260730-0002;2;2026-07-30 12:36:00;2026-07-31 12:36:00;EXPIRADO;ABRIGO;1;True
88;3;Catedral;Catedral Basílica Menor - Maringá/PR;-23.4247;-51.9383;2;Mesa Aberta - Cozinha Comunitária;Avenida Fictícia, 220 - Centro, Maringá/PR;-23.426;-51.94;2;Associação Mesa Aberta - SIMULADO;Mesa Aberta;CAT-20260730-0001;1;2026-07-30 13:09:00;2026-07-31 13:09:00;UTILIZADO;ALIMENTACAO;1;True
121;2;Terminal Urbano;Terminal Urbano - Maringá/PR;-23.4253;-51.9387;5;Rede Solidária - Ponto de Apoio;Praça Exemplo, 55 - Centro, Maringá/PR;-23.4245;-51.9375;5;Rede Solidária Maringá - SIMULADO;Rede Solidária;TER-20260730-0001;1;2026-07-30 14:52:00;2026-07-31 14:52:00;EMITIDO;ROUPA;1;True
44;3;Catedral;Catedral Basílica Menor - Maringá/PR;-23.4247;-51.9383;4;Acolher - Unidade Norte;Rua Modelo, 440 - Maringá/PR;-23.4175;-51.932;4;Centro Comunitário Acolher - SIMULADO;Acolher;CAT-20260731-0001;1;2026-07-31 09:46:00;2026-08-01 09:46:00;CANCELADO;ABRIGO;1;True
117;3;Catedral;Catedral Basílica Menor - Maringá/PR;-23.4247;-51.9383;5;Rede Solidária - Ponto de Apoio;Praça Exemplo, 55 - Centro, Maringá/PR;-23.4245;-51.9375;5;Rede Solidária Maringá - SIMULADO;Rede Solidária;CAT-20260731-0002;2;2026-07-31 17:46:00;2026-08-01 17:46:00;EMITIDO;ROUPA|ALIMENTACAO;2;True
27;2;Terminal Urbano;Terminal Urbano - Maringá/PR;-23.4253;-51.9387;4;Acolher - Unidade Norte;Rua Modelo, 440 - Maringá/PR;-23.4175;-51.932;4;Centro Comunitário Acolher - SIMULADO;Acolher;TER-20260801-0001;1;2026-08-01 08:17:00;2026-08-02 08:17:00;UTILIZADO;ALIMENTACAO;1;True
92;3;Catedral;Catedral Basílica Menor - Maringá/PR;-23.4247;-51.9383;5;Rede Solidária - Ponto de Apoio;Praça Exemplo, 55 - Centro, Maringá/PR;-23.4245;-51.9375;5;Rede Solidária Maringá - SIMULADO;Rede Solidária;CAT-20260801-0001;1;2026-08-01 09:01:00;2026-08-02 09:01:00;UTILIZADO;ALIMENTACAO|ROUPA;2;True
229;2;Terminal Urbano;Terminal Urbano - Maringá/PR;-23.4253;-51.9387;4;Acolher - Unidade Norte;Rua Modelo, 440 - Maringá/PR;-23.4175;-51.932;4;Centro Comunitário Acolher - SIMULADO;Acolher;TER-20260801-0002;2;2026-08-01 09:24:00;2026-08-02 09:24:00;UTILIZADO;ALIMENTACAO;1;True
26;1;Estádio Willie Davis;Estádio Willie Davis - Maringá/PR;-23.4205;-51.9331;4;Acolher - Unidade Norte;Rua Modelo, 440 - Maringá/PR;-23.4175;-51.932;4;Centro Comunitário Acolher - SIMULADO;Acolher;EST-20260801-0001;1;2026-08-01 10:16:00;2026-08-02 10:16:00;UTILIZADO;ABRIGO;1;True
213;1;Estádio Willie Davis;Estádio Willie Davis - Maringá/PR;-23.4205;-51.9331;4;Acolher - Unidade Norte;Rua Modelo, 440 - Maringá/PR;-23.4175;-51.932;4;Centro Comunitário Acolher - SIMULADO;Acolher;EST-20260803-0001;1;2026-08-03 11:26:00;2026-08-04 11:26:00;EMITIDO;ALIMENTACAO|ABRIGO;2;True
94;3;Catedral;Catedral Basílica Menor - Maringá/PR;-23.4247;-51.9383;2;Mesa Aberta - Cozinha Comunitária;Avenida Fictícia, 220 - Centro, Maringá/PR;-23.426;-51.94;2;Associação Mesa Aberta - SIMULADO;Mesa Aberta;CAT-20260803-0001;1;2026-08-03 18:16:00;2026-08-04 18:16:00;UTILIZADO;ALIMENTACAO;1;True
137;3;Catedral;Catedral Basílica Menor - Maringá/PR;-23.4247;-51.9383;5;Rede Solidária - Ponto de Apoio;Praça Exemplo, 55 - Centro, Maringá/PR;-23.4245;-51.9375;5;Rede Solidária Maringá - SIMULADO;Rede Solidária;CAT-20260805-0002;2;2026-08-05 07:33:00;2026-08-06 07:33:00;EMITIDO;ALIMENTACAO;1;True
110;3;Catedral;Catedral Basílica Menor - Maringá/PR;-23.4247;-51.9383;3;Ponto de Recomeço - Centro;Rua Inventada, 315 - Zona 01, Maringá/PR;-23.4215;-51.936;3;Instituto Recomeço Social - SIMULADO;Ponto de Recomeço;CAT-20260805-0001;1;2026-08-05 14:04:00;2026-08-06 14:04:00;UTILIZADO;ROUPA;1;True
208;2;Terminal Urbano;Terminal Urbano - Maringá/PR;-23.4253;-51.9387;5;Rede Solidária - Ponto de Apoio;Praça Exemplo, 55 - Centro, Maringá/PR;-23.4245;-51.9375;5;Rede Solidária Maringá - SIMULADO;Rede Solidária;TER-20260805-0001;1;2026-08-05 17:54:00;2026-08-06 17:54:00;CANCELADO;ALIMENTACAO;1;True
187;1;Estádio Willie Davis;Estádio Willie Davis - Maringá/PR;-23.4205;-51.9331;4;Acolher - Unidade Norte;Rua Modelo, 440 - Maringá/PR;-23.4175;-51.932;4;Centro Comunitário Acolher - SIMULADO;Acolher;EST-20260806-0001;1;2026-08-06 13:31:00;2026-08-07 13:31:00;UTILIZADO;ALIMENTACAO;1;True
192;1;Estádio Willie Davis;Estádio Willie Davis - Maringá/PR;-23.4205;-51.9331;3;Ponto de Recomeço - Centro;Rua Inventada, 315 - Zona 01, Maringá/PR;-23.4215;-51.936;3;Instituto Recomeço Social - SIMULADO;Ponto de Recomeço;EST-20260806-0002;2;2026-08-06 15:03:00;2026-08-07 15:03:00;EMITIDO;ROUPA|ALIMENTACAO;2;True
56;2;Terminal Urbano;Terminal Urbano - Maringá/PR;-23.4253;-51.9387;6;Casa Caminhos - Acolhimento Noturno;Rua Simulada, 600 - Maringá/PR;-23.427;-51.9355;1;Instituto Caminhos Solidários - SIMULADO;Casa Caminhos;TER-20260806-0001;1;2026-08-06 15:47:00;2026-08-07 15:47:00;EMITIDO;ABRIGO;1;True
167;2;Terminal Urbano;Terminal Urbano - Maringá/PR;-23.4253;-51.9387;4;Acolher - Unidade Norte;Rua Modelo, 440 - Maringá/PR;-23.4175;-51.932;4;Centro Comunitário Acolher - SIMULADO;Acolher;TER-20260807-0001;1;2026-08-07 08:57:00;2026-08-08 08:57:00;UTILIZADO;ALIMENTACAO;1;True
196;2;Terminal Urbano;Terminal Urbano - Maringá/PR;-23.4253;-51.9387;3;Ponto de Recomeço - Centro;Rua Inventada, 315 - Zona 01, Maringá/PR;-23.4215;-51.936;3;Instituto Recomeço Social - SIMULADO;Ponto de Recomeço;TER-20260807-0002;2;2026-08-07 14:19:00;2026-08-08 14:19:00;UTILIZADO;ROUPA;1;True
123;2;Terminal Urbano;Terminal Urbano - Maringá/PR;-23.4253;-51.9387;5;Rede Solidária - Ponto de Apoio;Praça Exemplo, 55 - Centro, Maringá/PR;-23.4245;-51.9375;5;Rede Solidária Maringá - SIMULADO;Rede Solidária;TER-20260808-0001;1;2026-08-08 10:23:00;2026-08-09 10:23:00;CANCELADO;ALIMENTACAO|ROUPA;2;True
54;1;Estádio Willie Davis;Estádio Willie Davis - Maringá/PR;-23.4205;-51.9331;3;Ponto de Recomeço - Centro;Rua Inventada, 315 - Zona 01, Maringá/PR;-23.4215;-51.936;3;Instituto Recomeço Social - SIMULADO;Ponto de Recomeço;EST-20260808-0001;1;2026-08-08 11:53:00;2026-08-09 11:53:00;UTILIZADO;ROUPA;1;True
186;3;Catedral;Catedral Basílica Menor - Maringá/PR;-23.4247;-51.9383;5;Rede Solidária - Ponto de Apoio;Praça Exemplo, 55 - Centro, Maringá/PR;-23.4245;-51.9375;5;Rede Solidária Maringá - SIMULADO;Rede Solidária;CAT-20260809-0001;1;2026-08-09 15:00:00;2026-08-10 15:00:00;EXPIRADO;ROUPA|ALIMENTACAO;2;True
231;1;Estádio Willie Davis;Estádio Willie Davis - Maringá/PR;-23.4205;-51.9331;4;Acolher - Unidade Norte;Rua Modelo, 440 - Maringá/PR;-23.4175;-51.932;4;Centro Comunitário Acolher - SIMULADO;Acolher;EST-20260809-0001;1;2026-08-09 15:29:00;2026-08-10 15:29:00;UTILIZADO;ALIMENTACAO;1;True
35;2;Terminal Urbano;Terminal Urbano - Maringá/PR;-23.4253;-51.9387;4;Acolher - Unidade Norte;Rua Modelo, 440 - Maringá/PR;-23.4175;-51.932;4;Centro Comunitário Acolher - SIMULADO;Acolher;TER-20260810-0001;1;2026-08-10 08:14:00;2026-08-11 08:14:00;UTILIZADO;ALIMENTACAO;1;True
10;3;Catedral;Catedral Basílica Menor - Maringá/PR;-23.4247;-51.9383;1;Casa Caminhos - Unidade Centro;Rua Exemplo, 101 - Centro, Maringá/PR;-23.423;-51.9345;1;Instituto Caminhos Solidários - SIMULADO;Casa Caminhos;CAT-20260810-0001;1;2026-08-10 13:50:00;2026-08-11 13:50:00;UTILIZADO;ABRIGO|ROUPA;2;True
206;1;Estádio Willie Davis;Estádio Willie Davis - Maringá/PR;-23.4205;-51.9331;5;Rede Solidária - Ponto de Apoio;Praça Exemplo, 55 - Centro, Maringá/PR;-23.4245;-51.9375;5;Rede Solidária Maringá - SIMULADO;Rede Solidária;EST-20260811-0001;1;2026-08-11 08:45:00;2026-08-12 08:45:00;UTILIZADO;ROUPA|ALIMENTACAO;2;True
221;1;Estádio Willie Davis;Estádio Willie Davis - Maringá/PR;-23.4205;-51.9331;3;Ponto de Recomeço - Centro;Rua Inventada, 315 - Zona 01, Maringá/PR;-23.4215;-51.936;3;Instituto Recomeço Social - SIMULADO;Ponto de Recomeço;EST-20260811-0002;2;2026-08-11 10:50:00;2026-08-12 10:50:00;UTILIZADO;ROUPA|ALIMENTACAO;2;True
140;1;Estádio Willie Davis;Estádio Willie Davis - Maringá/PR;-23.4205;-51.9331;1;Casa Caminhos - Unidade Centro;Rua Exemplo, 101 - Centro, Maringá/PR;-23.423;-51.9345;1;Instituto Caminhos Solidários - SIMULADO;Casa Caminhos;EST-20260812-0001;1;2026-08-12 11:09:00;2026-08-13 11:09:00;CANCELADO;ABRIGO;1;True
157;2;Terminal Urbano;Terminal Urbano - Maringá/PR;-23.4253;-51.9387;5;Rede Solidária - Ponto de Apoio;Praça Exemplo, 55 - Centro, Maringá/PR;-23.4245;-51.9375;5;Rede Solidária Maringá - SIMULADO;Rede Solidária;TER-20260813-0001;1;2026-08-13 12:59:00;2026-08-14 12:59:00;UTILIZADO;ALIMENTACAO;1;True
150;3;Catedral;Catedral Basílica Menor - Maringá/PR;-23.4247;-51.9383;4;Acolher - Unidade Norte;Rua Modelo, 440 - Maringá/PR;-23.4175;-51.932;4;Centro Comunitário Acolher - SIMULADO;Acolher;CAT-20260813-0001;1;2026-08-13 14:44:00;2026-08-14 14:44:00;UTILIZADO;ABRIGO|ALIMENTACAO;2;True
178;1;Estádio Willie Davis;Estádio Willie Davis - Maringá/PR;-23.4205;-51.9331;3;Ponto de Recomeço - Centro;Rua Inventada, 315 - Zona 01, Maringá/PR;-23.4215;-51.936;3;Instituto Recomeço Social - SIMULADO;Ponto de Recomeço;EST-20260813-0001;1;2026-08-13 18:35:00;2026-08-14 18:35:00;EMITIDO;ALIMENTACAO;1;True
36;3;Catedral;Catedral Basílica Menor - Maringá/PR;-23.4247;-51.9383;5;Rede Solidária - Ponto de Apoio;Praça Exemplo, 55 - Centro, Maringá/PR;-23.4245;-51.9375;5;Rede Solidária Maringá - SIMULADO;Rede Solidária;CAT-20260814-0001;1;2026-08-14 08:10:00;2026-08-15 08:10:00;EXPIRADO;ALIMENTACAO|ROUPA;2;True
180;2;Terminal Urbano;Terminal Urbano - Maringá/PR;-23.4253;-51.9387;3;Ponto de Recomeço - Centro;Rua Inventada, 315 - Zona 01, Maringá/PR;-23.4215;-51.936;3;Instituto Recomeço Social - SIMULADO;Ponto de Recomeço;TER-20260814-0001;1;2026-08-14 12:17:00;2026-08-15 12:17:00;CANCELADO;ROUPA|ALIMENTACAO;2;True
43;2;Terminal Urbano;Terminal Urbano - Maringá/PR;-23.4253;-51.9387;3;Ponto de Recomeço - Centro;Rua Inventada, 315 - Zona 01, Maringá/PR;-23.4215;-51.936;3;Instituto Recomeço Social - SIMULADO;Ponto de Recomeço;TER-20260815-0001;1;2026-08-15 10:35:00;2026-08-16 10:35:00;EMITIDO;ROUPA;1;True
151;3;Catedral;Catedral Basílica Menor - Maringá/PR;-23.4247;-51.9383;3;Ponto de Recomeço - Centro;Rua Inventada, 315 - Zona 01, Maringá/PR;-23.4215;-51.936;3;Instituto Recomeço Social - SIMULADO;Ponto de Recomeço;CAT-20260817-0002;2;2026-08-17 09:36:00;2026-08-18 09:36:00;EMITIDO;ALIMENTACAO;1;True
119;1;Estádio Willie Davis;Estádio Willie Davis - Maringá/PR;-23.4205;-51.9331;4;Acolher - Unidade Norte;Rua Modelo, 440 - Maringá/PR;-23.4175;-51.932;4;Centro Comunitário Acolher - SIMULADO;Acolher;EST-20260817-0001;1;2026-08-17 14:21:00;2026-08-18 14:21:00;UTILIZADO;ALIMENTACAO;1;True
228;3;Catedral;Catedral Basílica Menor - Maringá/PR;-23.4247;-51.9383;3;Ponto de Recomeço - Centro;Rua Inventada, 315 - Zona 01, Maringá/PR;-23.4215;-51.936;3;Instituto Recomeço Social - SIMULADO;Ponto de Recomeço;CAT-20260817-0003;3;2026-08-17 15:47:00;2026-08-18 15:47:00;EMITIDO;ROUPA;1;True
205;2;Terminal Urbano;Terminal Urbano - Maringá/PR;-23.4253;-51.9387;5;Rede Solidária - Ponto de Apoio;Praça Exemplo, 55 - Centro, Maringá/PR;-23.4245;-51.9375;5;Rede Solidária Maringá - SIMULADO;Rede Solidária;TER-20260817-0002;2;2026-08-17 15:51:00;2026-08-18 15:51:00;UTILIZADO;ALIMENTACAO;1;True
188;2;Terminal Urbano;Terminal Urbano - Maringá/PR;-23.4253;-51.9387;3;Ponto de Recomeço - Centro;Rua Inventada, 315 - Zona 01, Maringá/PR;-23.4215;-51.936;3;Instituto Recomeço Social - SIMULADO;Ponto de Recomeço;TER-20260817-0001;1;2026-08-17 16:27:00;2026-08-18 16:27:00;EXPIRADO;ROUPA|ALIMENTACAO;2;True
42;3;Catedral;Catedral Basílica Menor - Maringá/PR;-23.4247;-51.9383;3;Ponto de Recomeço - Centro;Rua Inventada, 315 - Zona 01, Maringá/PR;-23.4215;-51.936;3;Instituto Recomeço Social - SIMULADO;Ponto de Recomeço;CAT-20260817-0001;1;2026-08-17 16:56:00;2026-08-18 16:56:00;UTILIZADO;ROUPA;1;True
29;2;Terminal Urbano;Terminal Urbano - Maringá/PR;-23.4253;-51.9387;1;Casa Caminhos - Unidade Centro;Rua Exemplo, 101 - Centro, Maringá/PR;-23.423;-51.9345;1;Instituto Caminhos Solidários - SIMULADO;Casa Caminhos;TER-20260818-0001;1;2026-08-18 07:02:00;2026-08-19 07:02:00;CANCELADO;ABRIGO;1;True
148;2;Terminal Urbano;Terminal Urbano - Maringá/PR;-23.4253;-51.9387;6;Casa Caminhos - Acolhimento Noturno;Rua Simulada, 600 - Maringá/PR;-23.427;-51.9355;1;Instituto Caminhos Solidários - SIMULADO;Casa Caminhos;TER-20260818-0002;2;2026-08-18 17:11:00;2026-08-19 17:11:00;UTILIZADO;ABRIGO;1;True
198;3;Catedral;Catedral Basílica Menor - Maringá/PR;-23.4247;-51.9383;6;Casa Caminhos - Acolhimento Noturno;Rua Simulada, 600 - Maringá/PR;-23.427;-51.9355;1;Instituto Caminhos Solidários - SIMULADO;Casa Caminhos;CAT-20260819-0001;1;2026-08-19 15:01:00;2026-08-20 15:01:00;UTILIZADO;ABRIGO;1;True
50;2;Terminal Urbano;Terminal Urbano - Maringá/PR;-23.4253;-51.9387;6;Casa Caminhos - Acolhimento Noturno;Rua Simulada, 600 - Maringá/PR;-23.427;-51.9355;1;Instituto Caminhos Solidários - SIMULADO;Casa Caminhos;TER-20260819-0001;1;2026-08-19 16:50:00;2026-08-20 16:50:00;UTILIZADO;ABRIGO;1;True
131;1;Estádio Willie Davis;Estádio Willie Davis - Maringá/PR;-23.4205;-51.9331;5;Rede Solidária - Ponto de Apoio;Praça Exemplo, 55 - Centro, Maringá/PR;-23.4245;-51.9375;5;Rede Solidária Maringá - SIMULADO;Rede Solidária;EST-20260820-0001;1;2026-08-20 07:14:00;2026-08-21 07:14:00;UTILIZADO;ALIMENTACAO|ROUPA;2;True
169;1;Estádio Willie Davis;Estádio Willie Davis - Maringá/PR;-23.4205;-51.9331;5;Rede Solidária - Ponto de Apoio;Praça Exemplo, 55 - Centro, Maringá/PR;-23.4245;-51.9375;5;Rede Solidária Maringá - SIMULADO;Rede Solidária;EST-20260820-0002;2;2026-08-20 12:17:00;2026-08-21 12:17:00;EXPIRADO;ROUPA;1;True
212;2;Terminal Urbano;Terminal Urbano - Maringá/PR;-23.4253;-51.9387;3;Ponto de Recomeço - Centro;Rua Inventada, 315 - Zona 01, Maringá/PR;-23.4215;-51.936;3;Instituto Recomeço Social - SIMULADO;Ponto de Recomeço;TER-20260820-0001;1;2026-08-20 12:21:00;2026-08-21 12:21:00;EMITIDO;ALIMENTACAO;1;True
236;2;Terminal Urbano;Terminal Urbano - Maringá/PR;-23.4253;-51.9387;2;Mesa Aberta - Cozinha Comunitária;Avenida Fictícia, 220 - Centro, Maringá/PR;-23.426;-51.94;2;Associação Mesa Aberta - SIMULADO;Mesa Aberta;TER-20260820-0002;2;2026-08-20 13:22:00;2026-08-21 13:22:00;EXPIRADO;ALIMENTACAO;1;True
239;3;Catedral;Catedral Basílica Menor - Maringá/PR;-23.4247;-51.9383;4;Acolher - Unidade Norte;Rua Modelo, 440 - Maringá/PR;-23.4175;-51.932;4;Centro Comunitário Acolher - SIMULADO;Acolher;CAT-20260820-0001;1;2026-08-20 17:31:00;2026-08-21 17:31:00;EMITIDO;ABRIGO;1;True
234;3;Catedral;Catedral Basílica Menor - Maringá/PR;-23.4247;-51.9383;3;Ponto de Recomeço - Centro;Rua Inventada, 315 - Zona 01, Maringá/PR;-23.4215;-51.936;3;Instituto Recomeço Social - SIMULADO;Ponto de Recomeço;CAT-20260821-0002;2;2026-08-21 07:52:00;2026-08-22 07:52:00;EMITIDO;ROUPA;1;True
91;1;Estádio Willie Davis;Estádio Willie Davis - Maringá/PR;-23.4205;-51.9331;1;Casa Caminhos - Unidade Centro;Rua Exemplo, 101 - Centro, Maringá/PR;-23.423;-51.9345;1;Instituto Caminhos Solidários - SIMULADO;Casa Caminhos;EST-20260821-0002;2;2026-08-21 15:23:00;2026-08-22 15:23:00;UTILIZADO;ABRIGO;1;True
20;1;Estádio Willie Davis;Estádio Willie Davis - Maringá/PR;-23.4205;-51.9331;6;Casa Caminhos - Acolhimento Noturno;Rua Simulada, 600 - Maringá/PR;-23.427;-51.9355;1;Instituto Caminhos Solidários - SIMULADO;Casa Caminhos;EST-20260821-0001;1;2026-08-21 18:27:00;2026-08-22 18:27:00;EMITIDO;ABRIGO;1;True
84;3;Catedral;Catedral Basílica Menor - Maringá/PR;-23.4247;-51.9383;1;Casa Caminhos - Unidade Centro;Rua Exemplo, 101 - Centro, Maringá/PR;-23.423;-51.9345;1;Instituto Caminhos Solidários - SIMULADO;Casa Caminhos;CAT-20260821-0001;1;2026-08-21 18:48:00;2026-08-22 18:48:00;UTILIZADO;ROUPA|ABRIGO;2;True
64;3;Catedral;Catedral Basílica Menor - Maringá/PR;-23.4247;-51.9383;2;Mesa Aberta - Cozinha Comunitária;Avenida Fictícia, 220 - Centro, Maringá/PR;-23.426;-51.94;2;Associação Mesa Aberta - SIMULADO;Mesa Aberta;CAT-20260822-0001;1;2026-08-22 12:38:00;2026-08-23 12:38:00;UTILIZADO;ALIMENTACAO;1;True
95;1;Estádio Willie Davis;Estádio Willie Davis - Maringá/PR;-23.4205;-51.9331;3;Ponto de Recomeço - Centro;Rua Inventada, 315 - Zona 01, Maringá/PR;-23.4215;-51.936;3;Instituto Recomeço Social - SIMULADO;Ponto de Recomeço;EST-20260822-0002;2;2026-08-22 14:41:00;2026-08-23 14:41:00;EMITIDO;ROUPA;1;True
45;1;Estádio Willie Davis;Estádio Willie Davis - Maringá/PR;-23.4205;-51.9331;6;Casa Caminhos - Acolhimento Noturno;Rua Simulada, 600 - Maringá/PR;-23.427;-51.9355;1;Instituto Caminhos Solidários - SIMULADO;Casa Caminhos;EST-20260822-0001;1;2026-08-22 18:25:00;2026-08-23 18:25:00;EXPIRADO;ABRIGO;1;True
161;2;Terminal Urbano;Terminal Urbano - Maringá/PR;-23.4253;-51.9387;3;Ponto de Recomeço - Centro;Rua Inventada, 315 - Zona 01, Maringá/PR;-23.4215;-51.936;3;Instituto Recomeço Social - SIMULADO;Ponto de Recomeço;TER-20260823-0002;2;2026-08-23 11:39:00;2026-08-24 11:39:00;UTILIZADO;ALIMENTACAO;1;True
77;2;Terminal Urbano;Terminal Urbano - Maringá/PR;-23.4253;-51.9387;4;Acolher - Unidade Norte;Rua Modelo, 440 - Maringá/PR;-23.4175;-51.932;4;Centro Comunitário Acolher - SIMULADO;Acolher;TER-20260823-0001;1;2026-08-23 15:21:00;2026-08-24 15:21:00;UTILIZADO;ABRIGO;1;True
85;3;Catedral;Catedral Basílica Menor - Maringá/PR;-23.4247;-51.9383;5;Rede Solidária - Ponto de Apoio;Praça Exemplo, 55 - Centro, Maringá/PR;-23.4245;-51.9375;5;Rede Solidária Maringá - SIMULADO;Rede Solidária;CAT-20260824-0001;1;2026-08-24 16:23:00;2026-08-25 16:23:00;UTILIZADO;ALIMENTACAO;1;True
233;3;Catedral;Catedral Basílica Menor - Maringá/PR;-23.4247;-51.9383;4;Acolher - Unidade Norte;Rua Modelo, 440 - Maringá/PR;-23.4175;-51.932;4;Centro Comunitário Acolher - SIMULADO;Acolher;CAT-20260825-0002;2;2026-08-25 09:17:00;2026-08-26 09:17:00;EXPIRADO;ABRIGO|ALIMENTACAO;2;True
15;1;Estádio Willie Davis;Estádio Willie Davis - Maringá/PR;-23.4205;-51.9331;3;Ponto de Recomeço - Centro;Rua Inventada, 315 - Zona 01, Maringá/PR;-23.4215;-51.936;3;Instituto Recomeço Social - SIMULADO;Ponto de Recomeço;EST-20260825-0001;1;2026-08-25 09:41:00;2026-08-26 09:41:00;UTILIZADO;ROUPA|ALIMENTACAO;2;True
78;2;Terminal Urbano;Terminal Urbano - Maringá/PR;-23.4253;-51.9387;5;Rede Solidária - Ponto de Apoio;Praça Exemplo, 55 - Centro, Maringá/PR;-23.4245;-51.9375;5;Rede Solidária Maringá - SIMULADO;Rede Solidária;TER-20260825-0001;1;2026-08-25 10:00:00;2026-08-26 10:00:00;EMITIDO;ROUPA;1;True
99;2;Terminal Urbano;Terminal Urbano - Maringá/PR;-23.4253;-51.9387;5;Rede Solidária - Ponto de Apoio;Praça Exemplo, 55 - Centro, Maringá/PR;-23.4245;-51.9375;5;Rede Solidária Maringá - SIMULADO;Rede Solidária;TER-20260825-0002;2;2026-08-25 12:30:00;2026-08-26 12:30:00;EMITIDO;ROUPA|ALIMENTACAO;2;True
204;2;Terminal Urbano;Terminal Urbano - Maringá/PR;-23.4253;-51.9387;3;Ponto de Recomeço - Centro;Rua Inventada, 315 - Zona 01, Maringá/PR;-23.4215;-51.936;3;Instituto Recomeço Social - SIMULADO;Ponto de Recomeço;TER-20260825-0003;3;2026-08-25 13:49:00;2026-08-26 13:49:00;EXPIRADO;ROUPA|ALIMENTACAO;2;True
79;3;Catedral;Catedral Basílica Menor - Maringá/PR;-23.4247;-51.9383;4;Acolher - Unidade Norte;Rua Modelo, 440 - Maringá/PR;-23.4175;-51.932;4;Centro Comunitário Acolher - SIMULADO;Acolher;CAT-20260825-0001;1;2026-08-25 17:06:00;2026-08-26 17:06:00;UTILIZADO;ALIMENTACAO;1;True
185;1;Estádio Willie Davis;Estádio Willie Davis - Maringá/PR;-23.4205;-51.9331;6;Casa Caminhos - Acolhimento Noturno;Rua Simulada, 600 - Maringá/PR;-23.427;-51.9355;1;Instituto Caminhos Solidários - SIMULADO;Casa Caminhos;EST-20260826-0003;3;2026-08-26 07:44:00;2026-08-27 07:44:00;UTILIZADO;ABRIGO;1;True
98;1;Estádio Willie Davis;Estádio Willie Davis - Maringá/PR;-23.4205;-51.9331;4;Acolher - Unidade Norte;Rua Modelo, 440 - Maringá/PR;-23.4175;-51.932;4;Centro Comunitário Acolher - SIMULADO;Acolher;EST-20260826-0002;2;2026-08-26 09:07:00;2026-08-27 09:07:00;UTILIZADO;ALIMENTACAO;1;True
177;2;Terminal Urbano;Terminal Urbano - Maringá/PR;-23.4253;-51.9387;2;Mesa Aberta - Cozinha Comunitária;Avenida Fictícia, 220 - Centro, Maringá/PR;-23.426;-51.94;2;Associação Mesa Aberta - SIMULADO;Mesa Aberta;TER-20260826-0001;1;2026-08-26 15:56:00;2026-08-27 15:56:00;UTILIZADO;ALIMENTACAO;1;True
41;1;Estádio Willie Davis;Estádio Willie Davis - Maringá/PR;-23.4205;-51.9331;4;Acolher - Unidade Norte;Rua Modelo, 440 - Maringá/PR;-23.4175;-51.932;4;Centro Comunitário Acolher - SIMULADO;Acolher;EST-20260826-0001;1;2026-08-26 16:24:00;2026-08-27 16:24:00;EMITIDO;ABRIGO;1;True
55;3;Catedral;Catedral Basílica Menor - Maringá/PR;-23.4247;-51.9383;3;Ponto de Recomeço - Centro;Rua Inventada, 315 - Zona 01, Maringá/PR;-23.4215;-51.936;3;Instituto Recomeço Social - SIMULADO;Ponto de Recomeço;CAT-20260826-0001;1;2026-08-26 18:31:00;2026-08-27 18:31:00;UTILIZADO;ALIMENTACAO;1;True
214;1;Estádio Willie Davis;Estádio Willie Davis - Maringá/PR;-23.4205;-51.9331;1;Casa Caminhos - Unidade Centro;Rua Exemplo, 101 - Centro, Maringá/PR;-23.423;-51.9345;1;Instituto Caminhos Solidários - SIMULADO;Casa Caminhos;EST-20260827-0001;1;2026-08-27 09:56:00;2026-08-28 09:56:00;EXPIRADO;ABRIGO|ROUPA;2;True
93;2;Terminal Urbano;Terminal Urbano - Maringá/PR;-23.4253;-51.9387;1;Casa Caminhos - Unidade Centro;Rua Exemplo, 101 - Centro, Maringá/PR;-23.423;-51.9345;1;Instituto Caminhos Solidários - SIMULADO;Casa Caminhos;TER-20260827-0001;1;2026-08-27 14:33:00;2026-08-28 14:33:00;UTILIZADO;ROUPA;1;True
219;3;Catedral;Catedral Basílica Menor - Maringá/PR;-23.4247;-51.9383;5;Rede Solidária - Ponto de Apoio;Praça Exemplo, 55 - Centro, Maringá/PR;-23.4245;-51.9375;5;Rede Solidária Maringá - SIMULADO;Rede Solidária;CAT-20260827-0002;2;2026-08-27 14:57:00;2026-08-28 14:57:00;EMITIDO;ROUPA;1;True
189;3;Catedral;Catedral Basílica Menor - Maringá/PR;-23.4247;-51.9383;1;Casa Caminhos - Unidade Centro;Rua Exemplo, 101 - Centro, Maringá/PR;-23.423;-51.9345;1;Instituto Caminhos Solidários - SIMULADO;Casa Caminhos;CAT-20260827-0001;1;2026-08-27 15:45:00;2026-08-28 15:45:00;UTILIZADO;ABRIGO|ROUPA;2;True
112;2;Terminal Urbano;Terminal Urbano - Maringá/PR;-23.4253;-51.9387;4;Acolher - Unidade Norte;Rua Modelo, 440 - Maringá/PR;-23.4175;-51.932;4;Centro Comunitário Acolher - SIMULADO;Acolher;TER-20260828-0001;1;2026-08-28 12:29:00;2026-08-29 12:29:00;EXPIRADO;ALIMENTACAO|ABRIGO;2;True
174;2;Terminal Urbano;Terminal Urbano - Maringá/PR;-23.4253;-51.9387;3;Ponto de Recomeço - Centro;Rua Inventada, 315 - Zona 01, Maringá/PR;-23.4215;-51.936;3;Instituto Recomeço Social - SIMULADO;Ponto de Recomeço;TER-20260829-0001;1;2026-08-29 14:42:00;2026-08-30 14:42:00;UTILIZADO;ROUPA|ALIMENTACAO;2;True
217;2;Terminal Urbano;Terminal Urbano - Maringá/PR;-23.4253;-51.9387;6;Casa Caminhos - Acolhimento Noturno;Rua Simulada, 600 - Maringá/PR;-23.427;-51.9355;1;Instituto Caminhos Solidários - SIMULADO;Casa Caminhos;TER-20260829-0002;2;2026-08-29 16:24:00;2026-08-30 16:24:00;UTILIZADO;ABRIGO;1;True
60;3;Catedral;Catedral Basílica Menor - Maringá/PR;-23.4247;-51.9383;5;Rede Solidária - Ponto de Apoio;Praça Exemplo, 55 - Centro, Maringá/PR;-23.4245;-51.9375;5;Rede Solidária Maringá - SIMULADO;Rede Solidária;CAT-20260829-0001;1;2026-08-29 18:23:00;2026-08-30 18:23:00;UTILIZADO;ROUPA;1;True
70;2;Terminal Urbano;Terminal Urbano - Maringá/PR;-23.4253;-51.9387;3;Ponto de Recomeço - Centro;Rua Inventada, 315 - Zona 01, Maringá/PR;-23.4215;-51.936;3;Instituto Recomeço Social - SIMULADO;Ponto de Recomeço;TER-20260830-0001;1;2026-08-30 07:19:00;2026-08-31 07:19:00;EXPIRADO;ROUPA;1;True
144;1;Estádio Willie Davis;Estádio Willie Davis - Maringá/PR;-23.4205;-51.9331;6;Casa Caminhos - Acolhimento Noturno;Rua Simulada, 600 - Maringá/PR;-23.427;-51.9355;1;Instituto Caminhos Solidários - SIMULADO;Casa Caminhos;EST-20260830-0001;1;2026-08-30 14:39:00;2026-08-31 14:39:00;EXPIRADO;ABRIGO;1;True
90;2;Terminal Urbano;Terminal Urbano - Maringá/PR;-23.4253;-51.9387;4;Acolher - Unidade Norte;Rua Modelo, 440 - Maringá/PR;-23.4175;-51.932;4;Centro Comunitário Acolher - SIMULADO;Acolher;TER-20260831-0001;1;2026-08-31 14:31:00;2026-09-01 14:31:00;UTILIZADO;ALIMENTACAO;1;True
109;3;Catedral;Catedral Basílica Menor - Maringá/PR;-23.4247;-51.9383;4;Acolher - Unidade Norte;Rua Modelo, 440 - Maringá/PR;-23.4175;-51.932;4;Centro Comunitário Acolher - SIMULADO;Acolher;CAT-20260831-0001;1;2026-08-31 15:03:00;2026-09-01 15:03:00;UTILIZADO;ALIMENTACAO;1;True
17;1;Estádio Willie Davis;Estádio Willie Davis - Maringá/PR;-23.4205;-51.9331;2;Mesa Aberta - Cozinha Comunitária;Avenida Fictícia, 220 - Centro, Maringá/PR;-23.426;-51.94;2;Associação Mesa Aberta - SIMULADO;Mesa Aberta;EST-20260901-0001;1;2026-09-01 07:19:00;2026-09-02 07:19:00;UTILIZADO;ALIMENTACAO;1;True
66;2;Terminal Urbano;Terminal Urbano - Maringá/PR;-23.4253;-51.9387;3;Ponto de Recomeço - Centro;Rua Inventada, 315 - Zona 01, Maringá/PR;-23.4215;-51.936;3;Instituto Recomeço Social - SIMULADO;Ponto de Recomeço;TER-20260901-0001;1;2026-09-01 10:44:00;2026-09-02 10:44:00;UTILIZADO;ROUPA;1;True
58;1;Estádio Willie Davis;Estádio Willie Davis - Maringá/PR;-23.4205;-51.9331;4;Acolher - Unidade Norte;Rua Modelo, 440 - Maringá/PR;-23.4175;-51.932;4;Centro Comunitário Acolher - SIMULADO;Acolher;EST-20260902-0001;1;2026-09-02 13:49:00;2026-09-03 13:49:00;UTILIZADO;ABRIGO|ALIMENTACAO;2;True
225;3;Catedral;Catedral Basílica Menor - Maringá/PR;-23.4247;-51.9383;5;Rede Solidária - Ponto de Apoio;Praça Exemplo, 55 - Centro, Maringá/PR;-23.4245;-51.9375;5;Rede Solidária Maringá - SIMULADO;Rede Solidária;CAT-20260902-0001;1;2026-09-02 17:42:00;2026-09-03 17:42:00;UTILIZADO;ROUPA;1;True
235;1;Estádio Willie Davis;Estádio Willie Davis - Maringá/PR;-23.4205;-51.9331;1;Casa Caminhos - Unidade Centro;Rua Exemplo, 101 - Centro, Maringá/PR;-23.423;-51.9345;1;Instituto Caminhos Solidários - SIMULADO;Casa Caminhos;EST-20260903-0002;2;2026-09-03 14:41:00;2026-09-04 14:41:00;EXPIRADO;ROUPA;1;True
165;1;Estádio Willie Davis;Estádio Willie Davis - Maringá/PR;-23.4205;-51.9331;6;Casa Caminhos - Acolhimento Noturno;Rua Simulada, 600 - Maringá/PR;-23.427;-51.9355;1;Instituto Caminhos Solidários - SIMULADO;Casa Caminhos;EST-20260903-0001;1;2026-09-03 16:32:00;2026-09-04 16:32:00;EXPIRADO;ABRIGO;1;True
182;2;Terminal Urbano;Terminal Urbano - Maringá/PR;-23.4253;-51.9387;6;Casa Caminhos - Acolhimento Noturno;Rua Simulada, 600 - Maringá/PR;-23.427;-51.9355;1;Instituto Caminhos Solidários - SIMULADO;Casa Caminhos;TER-20260904-0001;1;2026-09-04 13:10:00;2026-09-05 13:10:00;UTILIZADO;ABRIGO;1;True
209;1;Estádio Willie Davis;Estádio Willie Davis - Maringá/PR;-23.4205;-51.9331;4;Acolher - Unidade Norte;Rua Modelo, 440 - Maringá/PR;-23.4175;-51.932;4;Centro Comunitário Acolher - SIMULADO;Acolher;EST-20260904-0001;1;2026-09-04 18:35:00;2026-09-05 18:35:00;UTILIZADO;ALIMENTACAO;1;True
238;1;Estádio Willie Davis;Estádio Willie Davis - Maringá/PR;-23.4205;-51.9331;4;Acolher - Unidade Norte;Rua Modelo, 440 - Maringá/PR;-23.4175;-51.932;4;Centro Comunitário Acolher - SIMULADO;Acolher;EST-20260905-0001;1;2026-09-05 14:47:00;2026-09-06 14:47:00;UTILIZADO;ALIMENTACAO;1;True
14;1;Estádio Willie Davis;Estádio Willie Davis - Maringá/PR;-23.4205;-51.9331;4;Acolher - Unidade Norte;Rua Modelo, 440 - Maringá/PR;-23.4175;-51.932;4;Centro Comunitário Acolher - SIMULADO;Acolher;EST-20260906-0001;1;2026-09-06 11:17:00;2026-09-07 11:17:00;CANCELADO;ALIMENTACAO|ABRIGO;2;True
197;2;Terminal Urbano;Terminal Urbano - Maringá/PR;-23.4253;-51.9387;1;Casa Caminhos - Unidade Centro;Rua Exemplo, 101 - Centro, Maringá/PR;-23.423;-51.9345;1;Instituto Caminhos Solidários - SIMULADO;Casa Caminhos;TER-20260906-0002;2;2026-09-06 13:09:00;2026-09-07 13:09:00;UTILIZADO;ABRIGO;1;True
218;1;Estádio Willie Davis;Estádio Willie Davis - Maringá/PR;-23.4205;-51.9331;5;Rede Solidária - Ponto de Apoio;Praça Exemplo, 55 - Centro, Maringá/PR;-23.4245;-51.9375;5;Rede Solidária Maringá - SIMULADO;Rede Solidária;EST-20260906-0003;3;2026-09-06 14:00:00;2026-09-07 14:00:00;EXPIRADO;ALIMENTACAO;1;True
129;2;Terminal Urbano;Terminal Urbano - Maringá/PR;-23.4253;-51.9387;2;Mesa Aberta - Cozinha Comunitária;Avenida Fictícia, 220 - Centro, Maringá/PR;-23.426;-51.94;2;Associação Mesa Aberta - SIMULADO;Mesa Aberta;TER-20260906-0001;1;2026-09-06 15:33:00;2026-09-07 15:33:00;EXPIRADO;ALIMENTACAO;1;True
170;1;Estádio Willie Davis;Estádio Willie Davis - Maringá/PR;-23.4205;-51.9331;2;Mesa Aberta - Cozinha Comunitária;Avenida Fictícia, 220 - Centro, Maringá/PR;-23.426;-51.94;2;Associação Mesa Aberta - SIMULADO;Mesa Aberta;EST-20260906-0002;2;2026-09-06 15:42:00;2026-09-07 15:42:00;UTILIZADO;ALIMENTACAO;1;True
19;3;Catedral;Catedral Basílica Menor - Maringá/PR;-23.4247;-51.9383;5;Rede Solidária - Ponto de Apoio;Praça Exemplo, 55 - Centro, Maringá/PR;-23.4245;-51.9375;5;Rede Solidária Maringá - SIMULADO;Rede Solidária;CAT-20260906-0001;1;2026-09-06 17:21:00;2026-09-07 17:21:00;UTILIZADO;ROUPA|ALIMENTACAO;2;True
135;1;Estádio Willie Davis;Estádio Willie Davis - Maringá/PR;-23.4205;-51.9331;1;Casa Caminhos - Unidade Centro;Rua Exemplo, 101 - Centro, Maringá/PR;-23.423;-51.9345;1;Instituto Caminhos Solidários - SIMULADO;Casa Caminhos;EST-20260907-0001;1;2026-09-07 09:18:00;2026-09-08 09:18:00;UTILIZADO;ABRIGO|ROUPA;2;True
23;1;Estádio Willie Davis;Estádio Willie Davis - Maringá/PR;-23.4205;-51.9331;3;Ponto de Recomeço - Centro;Rua Inventada, 315 - Zona 01, Maringá/PR;-23.4215;-51.936;3;Instituto Recomeço Social - SIMULADO;Ponto de Recomeço;EST-20260908-0001;1;2026-09-08 09:15:00;2026-09-09 09:15:00;EMITIDO;ALIMENTACAO|ROUPA;2;True
107;3;Catedral;Catedral Basílica Menor - Maringá/PR;-23.4247;-51.9383;3;Ponto de Recomeço - Centro;Rua Inventada, 315 - Zona 01, Maringá/PR;-23.4215;-51.936;3;Instituto Recomeço Social - SIMULADO;Ponto de Recomeço;CAT-20260909-0002;2;2026-09-09 07:14:00;2026-09-10 07:14:00;UTILIZADO;ALIMENTACAO;1;True
103;2;Terminal Urbano;Terminal Urbano - Maringá/PR;-23.4253;-51.9387;3;Ponto de Recomeço - Centro;Rua Inventada, 315 - Zona 01, Maringá/PR;-23.4215;-51.936;3;Instituto Recomeço Social - SIMULADO;Ponto de Recomeço;TER-20260909-0001;1;2026-09-09 07:37:00;2026-09-10 07:37:00;UTILIZADO;ALIMENTACAO;1;True
61;3;Catedral;Catedral Basílica Menor - Maringá/PR;-23.4247;-51.9383;5;Rede Solidária - Ponto de Apoio;Praça Exemplo, 55 - Centro, Maringá/PR;-23.4245;-51.9375;5;Rede Solidária Maringá - SIMULADO;Rede Solidária;CAT-20260909-0001;1;2026-09-09 14:36:00;2026-09-10 14:36:00;EXPIRADO;ALIMENTACAO;1;True
215;2;Terminal Urbano;Terminal Urbano - Maringá/PR;-23.4253;-51.9387;6;Casa Caminhos - Acolhimento Noturno;Rua Simulada, 600 - Maringá/PR;-23.427;-51.9355;1;Instituto Caminhos Solidários - SIMULADO;Casa Caminhos;TER-20260909-0002;2;2026-09-09 16:15:00;2026-09-10 16:15:00;UTILIZADO;ABRIGO;1;True
82;2;Terminal Urbano;Terminal Urbano - Maringá/PR;-23.4253;-51.9387;6;Casa Caminhos - Acolhimento Noturno;Rua Simulada, 600 - Maringá/PR;-23.427;-51.9355;1;Instituto Caminhos Solidários - SIMULADO;Casa Caminhos;TER-20260910-0001;1;2026-09-10 07:10:00;2026-09-11 07:10:00;UTILIZADO;ABRIGO;1;True
83;1;Estádio Willie Davis;Estádio Willie Davis - Maringá/PR;-23.4205;-51.9331;4;Acolher - Unidade Norte;Rua Modelo, 440 - Maringá/PR;-23.4175;-51.932;4;Centro Comunitário Acolher - SIMULADO;Acolher;EST-20260910-0001;1;2026-09-10 11:06:00;2026-09-11 11:06:00;EMITIDO;ALIMENTACAO;1;True
155;1;Estádio Willie Davis;Estádio Willie Davis - Maringá/PR;-23.4205;-51.9331;2;Mesa Aberta - Cozinha Comunitária;Avenida Fictícia, 220 - Centro, Maringá/PR;-23.426;-51.94;2;Associação Mesa Aberta - SIMULADO;Mesa Aberta;EST-20260910-0002;2;2026-09-10 13:16:00;2026-09-11 13:16:00;UTILIZADO;ALIMENTACAO;1;True
181;3;Catedral;Catedral Basílica Menor - Maringá/PR;-23.4247;-51.9383;2;Mesa Aberta - Cozinha Comunitária;Avenida Fictícia, 220 - Centro, Maringá/PR;-23.426;-51.94;2;Associação Mesa Aberta - SIMULADO;Mesa Aberta;CAT-20260910-0002;2;2026-09-10 13:25:00;2026-09-11 13:25:00;EMITIDO;ALIMENTACAO;1;True
179;3;Catedral;Catedral Basílica Menor - Maringá/PR;-23.4247;-51.9383;4;Acolher - Unidade Norte;Rua Modelo, 440 - Maringá/PR;-23.4175;-51.932;4;Centro Comunitário Acolher - SIMULADO;Acolher;CAT-20260910-0001;1;2026-09-10 18:34:00;2026-09-11 18:34:00;UTILIZADO;ABRIGO;1;True
76;3;Catedral;Catedral Basílica Menor - Maringá/PR;-23.4247;-51.9383;4;Acolher - Unidade Norte;Rua Modelo, 440 - Maringá/PR;-23.4175;-51.932;4;Centro Comunitário Acolher - SIMULADO;Acolher;CAT-20260911-0001;1;2026-09-11 07:42:00;2026-09-12 07:42:00;UTILIZADO;ABRIGO;1;True
240;2;Terminal Urbano;Terminal Urbano - Maringá/PR;-23.4253;-51.9387;6;Casa Caminhos - Acolhimento Noturno;Rua Simulada, 600 - Maringá/PR;-23.427;-51.9355;1;Instituto Caminhos Solidários - SIMULADO;Casa Caminhos;TER-20260911-0001;1;2026-09-11 12:06:00;2026-09-12 12:06:00;UTILIZADO;ABRIGO;1;True
80;1;Estádio Willie Davis;Estádio Willie Davis - Maringá/PR;-23.4205;-51.9331;4;Acolher - Unidade Norte;Rua Modelo, 440 - Maringá/PR;-23.4175;-51.932;4;Centro Comunitário Acolher - SIMULADO;Acolher;EST-20260911-0001;1;2026-09-11 17:24:00;2026-09-12 17:24:00;EMITIDO;ABRIGO|ALIMENTACAO;2;True
6;2;Terminal Urbano;Terminal Urbano - Maringá/PR;-23.4253;-51.9387;5;Rede Solidária - Ponto de Apoio;Praça Exemplo, 55 - Centro, Maringá/PR;-23.4245;-51.9375;5;Rede Solidária Maringá - SIMULADO;Rede Solidária;TER-20260912-0001;1;2026-09-12 10:16:00;2026-09-13 10:16:00;EMITIDO;ALIMENTACAO;1;True
124;2;Terminal Urbano;Terminal Urbano - Maringá/PR;-23.4253;-51.9387;5;Rede Solidária - Ponto de Apoio;Praça Exemplo, 55 - Centro, Maringá/PR;-23.4245;-51.9375;5;Rede Solidária Maringá - SIMULADO;Rede Solidária;TER-20260912-0003;3;2026-09-12 12:02:00;2026-09-13 12:02:00;CANCELADO;ALIMENTACAO;1;True
230;2;Terminal Urbano;Terminal Urbano - Maringá/PR;-23.4253;-51.9387;3;Ponto de Recomeço - Centro;Rua Inventada, 315 - Zona 01, Maringá/PR;-23.4215;-51.936;3;Instituto Recomeço Social - SIMULADO;Ponto de Recomeço;TER-20260912-0004;4;2026-09-12 12:20:00;2026-09-13 12:20:00;UTILIZADO;ROUPA|ALIMENTACAO;2;True
65;2;Terminal Urbano;Terminal Urbano - Maringá/PR;-23.4253;-51.9387;3;Ponto de Recomeço - Centro;Rua Inventada, 315 - Zona 01, Maringá/PR;-23.4215;-51.936;3;Instituto Recomeço Social - SIMULADO;Ponto de Recomeço;TER-20260912-0002;2;2026-09-12 13:29:00;2026-09-13 13:29:00;UTILIZADO;ROUPA;1;True
74;3;Catedral;Catedral Basílica Menor - Maringá/PR;-23.4247;-51.9383;4;Acolher - Unidade Norte;Rua Modelo, 440 - Maringá/PR;-23.4175;-51.932;4;Centro Comunitário Acolher - SIMULADO;Acolher;CAT-20260913-0001;1;2026-09-13 07:26:00;2026-09-14 07:26:00;EXPIRADO;ABRIGO;1;True
132;1;Estádio Willie Davis;Estádio Willie Davis - Maringá/PR;-23.4205;-51.9331;6;Casa Caminhos - Acolhimento Noturno;Rua Simulada, 600 - Maringá/PR;-23.427;-51.9355;1;Instituto Caminhos Solidários - SIMULADO;Casa Caminhos;EST-20260913-0002;2;2026-09-13 13:30:00;2026-09-14 13:30:00;EXPIRADO;ABRIGO;1;True
12;1;Estádio Willie Davis;Estádio Willie Davis - Maringá/PR;-23.4205;-51.9331;6;Casa Caminhos - Acolhimento Noturno;Rua Simulada, 600 - Maringá/PR;-23.427;-51.9355;1;Instituto Caminhos Solidários - SIMULADO;Casa Caminhos;EST-20260913-0001;1;2026-09-13 14:18:00;2026-09-14 14:18:00;EXPIRADO;ABRIGO;1;True
175;2;Terminal Urbano;Terminal Urbano - Maringá/PR;-23.4253;-51.9387;5;Rede Solidária - Ponto de Apoio;Praça Exemplo, 55 - Centro, Maringá/PR;-23.4245;-51.9375;5;Rede Solidária Maringá - SIMULADO;Rede Solidária;TER-20260913-0001;1;2026-09-13 16:27:00;2026-09-14 16:27:00;EXPIRADO;ALIMENTACAO|ROUPA;2;True
136;2;Terminal Urbano;Terminal Urbano - Maringá/PR;-23.4253;-51.9387;6;Casa Caminhos - Acolhimento Noturno;Rua Simulada, 600 - Maringá/PR;-23.427;-51.9355;1;Instituto Caminhos Solidários - SIMULADO;Casa Caminhos;TER-20260914-0001;1;2026-09-14 09:38:00;2026-09-15 09:38:00;EXPIRADO;ABRIGO;1;True
111;3;Catedral;Catedral Basílica Menor - Maringá/PR;-23.4247;-51.9383;4;Acolher - Unidade Norte;Rua Modelo, 440 - Maringá/PR;-23.4175;-51.932;4;Centro Comunitário Acolher - SIMULADO;Acolher;CAT-20260914-0001;1;2026-09-14 16:53:00;2026-09-15 16:53:00;CANCELADO;ALIMENTACAO;1;True
163;3;Catedral;Catedral Basílica Menor - Maringá/PR;-23.4247;-51.9383;3;Ponto de Recomeço - Centro;Rua Inventada, 315 - Zona 01, Maringá/PR;-23.4215;-51.936;3;Instituto Recomeço Social - SIMULADO;Ponto de Recomeço;CAT-20260915-0001;1;2026-09-15 07:56:00;2026-09-16 07:56:00;UTILIZADO;ALIMENTACAO;1;True
227;2;Terminal Urbano;Terminal Urbano - Maringá/PR;-23.4253;-51.9387;1;Casa Caminhos - Unidade Centro;Rua Exemplo, 101 - Centro, Maringá/PR;-23.423;-51.9345;1;Instituto Caminhos Solidários - SIMULADO;Casa Caminhos;TER-20260916-0003;3;2026-09-16 09:27:00;2026-09-17 09:27:00;UTILIZADO;ROUPA;1;True
147;2;Terminal Urbano;Terminal Urbano - Maringá/PR;-23.4253;-51.9387;1;Casa Caminhos - Unidade Centro;Rua Exemplo, 101 - Centro, Maringá/PR;-23.423;-51.9345;1;Instituto Caminhos Solidários - SIMULADO;Casa Caminhos;TER-20260916-0001;1;2026-09-16 09:31:00;2026-09-17 09:31:00;UTILIZADO;ABRIGO|ROUPA;2;True
211;3;Catedral;Catedral Basílica Menor - Maringá/PR;-23.4247;-51.9383;5;Rede Solidária - Ponto de Apoio;Praça Exemplo, 55 - Centro, Maringá/PR;-23.4245;-51.9375;5;Rede Solidária Maringá - SIMULADO;Rede Solidária;CAT-20260916-0001;1;2026-09-16 09:37:00;2026-09-17 09:37:00;EMITIDO;ROUPA;1;True
237;2;Terminal Urbano;Terminal Urbano - Maringá/PR;-23.4253;-51.9387;1;Casa Caminhos - Unidade Centro;Rua Exemplo, 101 - Centro, Maringá/PR;-23.423;-51.9345;1;Instituto Caminhos Solidários - SIMULADO;Casa Caminhos;TER-20260916-0004;4;2026-09-16 15:41:00;2026-09-17 15:41:00;UTILIZADO;ABRIGO;1;True
73;1;Estádio Willie Davis;Estádio Willie Davis - Maringá/PR;-23.4205;-51.9331;3;Ponto de Recomeço - Centro;Rua Inventada, 315 - Zona 01, Maringá/PR;-23.4215;-51.936;3;Instituto Recomeço Social - SIMULADO;Ponto de Recomeço;EST-20260916-0001;1;2026-09-16 17:21:00;2026-09-17 17:21:00;CANCELADO;ROUPA;1;True
156;2;Terminal Urbano;Terminal Urbano - Maringá/PR;-23.4253;-51.9387;5;Rede Solidária - Ponto de Apoio;Praça Exemplo, 55 - Centro, Maringá/PR;-23.4245;-51.9375;5;Rede Solidária Maringá - SIMULADO;Rede Solidária;TER-20260916-0002;2;2026-09-16 18:13:00;2026-09-17 18:13:00;EXPIRADO;ROUPA;1;True
145;3;Catedral;Catedral Basílica Menor - Maringá/PR;-23.4247;-51.9383;5;Rede Solidária - Ponto de Apoio;Praça Exemplo, 55 - Centro, Maringá/PR;-23.4245;-51.9375;5;Rede Solidária Maringá - SIMULADO;Rede Solidária;CAT-20260917-0001;1;2026-09-17 07:44:00;2026-09-18 07:44:00;EMITIDO;ROUPA;1;True
37;2;Terminal Urbano;Terminal Urbano - Maringá/PR;-23.4253;-51.9387;5;Rede Solidária - Ponto de Apoio;Praça Exemplo, 55 - Centro, Maringá/PR;-23.4245;-51.9375;5;Rede Solidária Maringá - SIMULADO;Rede Solidária;TER-20260917-0001;1;2026-09-17 18:09:00;2026-09-18 18:09:00;UTILIZADO;ALIMENTACAO;1;True
160;2;Terminal Urbano;Terminal Urbano - Maringá/PR;-23.4253;-51.9387;1;Casa Caminhos - Unidade Centro;Rua Exemplo, 101 - Centro, Maringá/PR;-23.423;-51.9345;1;Instituto Caminhos Solidários - SIMULADO;Casa Caminhos;TER-20260918-0002;2;2026-09-18 07:50:00;2026-09-19 07:50:00;EMITIDO;ABRIGO|ROUPA;2;True
33;1;Estádio Willie Davis;Estádio Willie Davis - Maringá/PR;-23.4205;-51.9331;1;Casa Caminhos - Unidade Centro;Rua Exemplo, 101 - Centro, Maringá/PR;-23.423;-51.9345;1;Instituto Caminhos Solidários - SIMULADO;Casa Caminhos;EST-20260918-0001;1;2026-09-18 08:23:00;2026-09-19 08:23:00;UTILIZADO;ABRIGO;1;True
184;1;Estádio Willie Davis;Estádio Willie Davis - Maringá/PR;-23.4205;-51.9331;2;Mesa Aberta - Cozinha Comunitária;Avenida Fictícia, 220 - Centro, Maringá/PR;-23.426;-51.94;2;Associação Mesa Aberta - SIMULADO;Mesa Aberta;EST-20260918-0002;2;2026-09-18 09:14:00;2026-09-19 09:14:00;EMITIDO;ALIMENTACAO;1;True
133;2;Terminal Urbano;Terminal Urbano - Maringá/PR;-23.4253;-51.9387;5;Rede Solidária - Ponto de Apoio;Praça Exemplo, 55 - Centro, Maringá/PR;-23.4245;-51.9375;5;Rede Solidária Maringá - SIMULADO;Rede Solidária;TER-20260918-0001;1;2026-09-18 16:34:00;2026-09-19 16:34:00;UTILIZADO;ROUPA;1;True
22;3;Catedral;Catedral Basílica Menor - Maringá/PR;-23.4247;-51.9383;2;Mesa Aberta - Cozinha Comunitária;Avenida Fictícia, 220 - Centro, Maringá/PR;-23.426;-51.94;2;Associação Mesa Aberta - SIMULADO;Mesa Aberta;CAT-20260919-0001;1;2026-09-19 08:00:00;2026-09-20 08:00:00;UTILIZADO;ALIMENTACAO;1;True
127;2;Terminal Urbano;Terminal Urbano - Maringá/PR;-23.4253;-51.9387;6;Casa Caminhos - Acolhimento Noturno;Rua Simulada, 600 - Maringá/PR;-23.427;-51.9355;1;Instituto Caminhos Solidários - SIMULADO;Casa Caminhos;TER-20260919-0001;1;2026-09-19 08:39:00;2026-09-20 08:39:00;EXPIRADO;ABRIGO;1;True
62;3;Catedral;Catedral Basílica Menor - Maringá/PR;-23.4247;-51.9383;3;Ponto de Recomeço - Centro;Rua Inventada, 315 - Zona 01, Maringá/PR;-23.4215;-51.936;3;Instituto Recomeço Social - SIMULADO;Ponto de Recomeço;CAT-20260919-0002;2;2026-09-19 11:04:00;2026-09-20 11:04:00;UTILIZADO;ALIMENTACAO|ROUPA;2;True
105;1;Estádio Willie Davis;Estádio Willie Davis - Maringá/PR;-23.4205;-51.9331;5;Rede Solidária - Ponto de Apoio;Praça Exemplo, 55 - Centro, Maringá/PR;-23.4245;-51.9375;5;Rede Solidária Maringá - SIMULADO;Rede Solidária;EST-20260919-0001;1;2026-09-19 14:32:00;2026-09-20 14:32:00;EXPIRADO;ALIMENTACAO;1;True
172;1;Estádio Willie Davis;Estádio Willie Davis - Maringá/PR;-23.4205;-51.9331;1;Casa Caminhos - Unidade Centro;Rua Exemplo, 101 - Centro, Maringá/PR;-23.423;-51.9345;1;Instituto Caminhos Solidários - SIMULADO;Casa Caminhos;EST-20260919-0002;2;2026-09-19 15:25:00;2026-09-20 15:25:00;UTILIZADO;ABRIGO;1;True
158;1;Estádio Willie Davis;Estádio Willie Davis - Maringá/PR;-23.4205;-51.9331;1;Casa Caminhos - Unidade Centro;Rua Exemplo, 101 - Centro, Maringá/PR;-23.423;-51.9345;1;Instituto Caminhos Solidários - SIMULADO;Casa Caminhos;EST-20260920-0001;1;2026-09-20 07:31:00;2026-09-21 07:31:00;UTILIZADO;ABRIGO;1;True
40;2;Terminal Urbano;Terminal Urbano - Maringá/PR;-23.4253;-51.9387;1;Casa Caminhos - Unidade Centro;Rua Exemplo, 101 - Centro, Maringá/PR;-23.423;-51.9345;1;Instituto Caminhos Solidários - SIMULADO;Casa Caminhos;TER-20260920-0001;1;2026-09-20 14:13:00;2026-09-21 14:13:00;EXPIRADO;ABRIGO;1;True
16;3;Catedral;Catedral Basílica Menor - Maringá/PR;-23.4247;-51.9383;5;Rede Solidária - Ponto de Apoio;Praça Exemplo, 55 - Centro, Maringá/PR;-23.4245;-51.9375;5;Rede Solidária Maringá - SIMULADO;Rede Solidária;CAT-20260920-0001;1;2026-09-20 15:39:00;2026-09-21 15:39:00;EMITIDO;ROUPA|ALIMENTACAO;2;True
97;1;Estádio Willie Davis;Estádio Willie Davis - Maringá/PR;-23.4205;-51.9331;4;Acolher - Unidade Norte;Rua Modelo, 440 - Maringá/PR;-23.4175;-51.932;4;Centro Comunitário Acolher - SIMULADO;Acolher;EST-20260921-0002;2;2026-09-21 09:32:00;2026-09-22 09:32:00;EXPIRADO;ABRIGO|ALIMENTACAO;2;True
108;1;Estádio Willie Davis;Estádio Willie Davis - Maringá/PR;-23.4205;-51.9331;5;Rede Solidária - Ponto de Apoio;Praça Exemplo, 55 - Centro, Maringá/PR;-23.4245;-51.9375;5;Rede Solidária Maringá - SIMULADO;Rede Solidária;EST-20260921-0003;3;2026-09-21 09:37:00;2026-09-22 09:37:00;UTILIZADO;ROUPA;1;True
200;3;Catedral;Catedral Basílica Menor - Maringá/PR;-23.4247;-51.9383;1;Casa Caminhos - Unidade Centro;Rua Exemplo, 101 - Centro, Maringá/PR;-23.423;-51.9345;1;Instituto Caminhos Solidários - SIMULADO;Casa Caminhos;CAT-20260921-0001;1;2026-09-21 09:59:00;2026-09-22 09:59:00;EXPIRADO;ROUPA|ABRIGO;2;True
11;1;Estádio Willie Davis;Estádio Willie Davis - Maringá/PR;-23.4205;-51.9331;3;Ponto de Recomeço - Centro;Rua Inventada, 315 - Zona 01, Maringá/PR;-23.4215;-51.936;3;Instituto Recomeço Social - SIMULADO;Ponto de Recomeço;EST-20260921-0001;1;2026-09-21 14:49:00;2026-09-22 14:49:00;UTILIZADO;ALIMENTACAO|ROUPA;2;True
116;1;Estádio Willie Davis;Estádio Willie Davis - Maringá/PR;-23.4205;-51.9331;3;Ponto de Recomeço - Centro;Rua Inventada, 315 - Zona 01, Maringá/PR;-23.4215;-51.936;3;Instituto Recomeço Social - SIMULADO;Ponto de Recomeço;EST-20260922-0001;1;2026-09-22 08:22:00;2026-09-23 08:22:00;EXPIRADO;ALIMENTACAO;1;True
134;3;Catedral;Catedral Basílica Menor - Maringá/PR;-23.4247;-51.9383;5;Rede Solidária - Ponto de Apoio;Praça Exemplo, 55 - Centro, Maringá/PR;-23.4245;-51.9375;5;Rede Solidária Maringá - SIMULADO;Rede Solidária;CAT-20260922-0001;1;2026-09-22 13:58:00;2026-09-23 13:58:00;UTILIZADO;ALIMENTACAO;1;True
149;2;Terminal Urbano;Terminal Urbano - Maringá/PR;-23.4253;-51.9387;1;Casa Caminhos - Unidade Centro;Rua Exemplo, 101 - Centro, Maringá/PR;-23.423;-51.9345;1;Instituto Caminhos Solidários - SIMULADO;Casa Caminhos;TER-20260922-0001;1;2026-09-22 18:06:00;2026-09-23 18:06:00;EXPIRADO;ABRIGO;1;True
47;2;Terminal Urbano;Terminal Urbano - Maringá/PR;-23.4253;-51.9387;3;Ponto de Recomeço - Centro;Rua Inventada, 315 - Zona 01, Maringá/PR;-23.4215;-51.936;3;Instituto Recomeço Social - SIMULADO;Ponto de Recomeço;TER-20260923-0001;1;2026-09-23 10:17:00;2026-09-24 10:17:00;UTILIZADO;ROUPA;1;True
104;2;Terminal Urbano;Terminal Urbano - Maringá/PR;-23.4253;-51.9387;5;Rede Solidária - Ponto de Apoio;Praça Exemplo, 55 - Centro, Maringá/PR;-23.4245;-51.9375;5;Rede Solidária Maringá - SIMULADO;Rede Solidária;TER-20260923-0002;2;2026-09-23 16:15:00;2026-09-24 16:15:00;UTILIZADO;ROUPA;1;True
199;2;Terminal Urbano;Terminal Urbano - Maringá/PR;-23.4253;-51.9387;1;Casa Caminhos - Unidade Centro;Rua Exemplo, 101 - Centro, Maringá/PR;-23.423;-51.9345;1;Instituto Caminhos Solidários - SIMULADO;Casa Caminhos;TER-20260923-0003;3;2026-09-23 17:43:00;2026-09-24 17:43:00;UTILIZADO;ROUPA|ABRIGO;2;True
102;2;Terminal Urbano;Terminal Urbano - Maringá/PR;-23.4253;-51.9387;5;Rede Solidária - Ponto de Apoio;Praça Exemplo, 55 - Centro, Maringá/PR;-23.4245;-51.9375;5;Rede Solidária Maringá - SIMULADO;Rede Solidária;TER-20260924-0001;1;2026-09-24 08:47:00;2026-09-25 08:47:00;EXPIRADO;ALIMENTACAO|ROUPA;2;True
72;1;Estádio Willie Davis;Estádio Willie Davis - Maringá/PR;-23.4205;-51.9331;3;Ponto de Recomeço - Centro;Rua Inventada, 315 - Zona 01, Maringá/PR;-23.4215;-51.936;3;Instituto Recomeço Social - SIMULADO;Ponto de Recomeço;EST-20260924-0002;2;2026-09-24 08:57:00;2026-09-25 08:57:00;EMITIDO;ALIMENTACAO;1;True
153;3;Catedral;Catedral Basílica Menor - Maringá/PR;-23.4247;-51.9383;6;Casa Caminhos - Acolhimento Noturno;Rua Simulada, 600 - Maringá/PR;-23.427;-51.9355;1;Instituto Caminhos Solidários - SIMULADO;Casa Caminhos;CAT-20260924-0004;4;2026-09-24 09:05:00;2026-09-25 09:05:00;UTILIZADO;ABRIGO;1;True
34;3;Catedral;Catedral Basílica Menor - Maringá/PR;-23.4247;-51.9383;3;Ponto de Recomeço - Centro;Rua Inventada, 315 - Zona 01, Maringá/PR;-23.4215;-51.936;3;Instituto Recomeço Social - SIMULADO;Ponto de Recomeço;CAT-20260924-0001;1;2026-09-24 12:21:00;2026-09-25 12:21:00;UTILIZADO;ROUPA;1;True
51;1;Estádio Willie Davis;Estádio Willie Davis - Maringá/PR;-23.4205;-51.9331;3;Ponto de Recomeço - Centro;Rua Inventada, 315 - Zona 01, Maringá/PR;-23.4215;-51.936;3;Instituto Recomeço Social - SIMULADO;Ponto de Recomeço;EST-20260924-0001;1;2026-09-24 12:38:00;2026-09-25 12:38:00;EMITIDO;ALIMENTACAO|ROUPA;2;True
53;3;Catedral;Catedral Basílica Menor - Maringá/PR;-23.4247;-51.9383;3;Ponto de Recomeço - Centro;Rua Inventada, 315 - Zona 01, Maringá/PR;-23.4215;-51.936;3;Instituto Recomeço Social - SIMULADO;Ponto de Recomeço;CAT-20260924-0003;3;2026-09-24 13:28:00;2026-09-25 13:28:00;EMITIDO;ALIMENTACAO;1;True
52;3;Catedral;Catedral Basílica Menor - Maringá/PR;-23.4247;-51.9383;6;Casa Caminhos - Acolhimento Noturno;Rua Simulada, 600 - Maringá/PR;-23.427;-51.9355;1;Instituto Caminhos Solidários - SIMULADO;Casa Caminhos;CAT-20260924-0002;2;2026-09-24 13:58:00;2026-09-25 13:58:00;UTILIZADO;ABRIGO;1;True
100;1;Estádio Willie Davis;Estádio Willie Davis - Maringá/PR;-23.4205;-51.9331;6;Casa Caminhos - Acolhimento Noturno;Rua Simulada, 600 - Maringá/PR;-23.427;-51.9355;1;Instituto Caminhos Solidários - SIMULADO;Casa Caminhos;EST-20260925-0001;1;2026-09-25 11:35:00;2026-09-26 11:35:00;EMITIDO;ABRIGO;1;True
48;2;Terminal Urbano;Terminal Urbano - Maringá/PR;-23.4253;-51.9387;6;Casa Caminhos - Acolhimento Noturno;Rua Simulada, 600 - Maringá/PR;-23.427;-51.9355;1;Instituto Caminhos Solidários - SIMULADO;Casa Caminhos;TER-20260925-0002;2;2026-09-25 16:09:00;2026-09-26 16:09:00;UTILIZADO;ABRIGO;1;True
122;2;Terminal Urbano;Terminal Urbano - Maringá/PR;-23.4253;-51.9387;5;Rede Solidária - Ponto de Apoio;Praça Exemplo, 55 - Centro, Maringá/PR;-23.4245;-51.9375;5;Rede Solidária Maringá - SIMULADO;Rede Solidária;TER-20260925-0003;3;2026-09-25 16:19:00;2026-09-26 16:19:00;UTILIZADO;ALIMENTACAO;1;True
25;2;Terminal Urbano;Terminal Urbano - Maringá/PR;-23.4253;-51.9387;3;Ponto de Recomeço - Centro;Rua Inventada, 315 - Zona 01, Maringá/PR;-23.4215;-51.936;3;Instituto Recomeço Social - SIMULADO;Ponto de Recomeço;TER-20260925-0001;1;2026-09-25 18:09:00;2026-09-26 18:09:00;CANCELADO;ROUPA;1;True
162;3;Catedral;Catedral Basílica Menor - Maringá/PR;-23.4247;-51.9383;1;Casa Caminhos - Unidade Centro;Rua Exemplo, 101 - Centro, Maringá/PR;-23.423;-51.9345;1;Instituto Caminhos Solidários - SIMULADO;Casa Caminhos;CAT-20260925-0001;1;2026-09-25 18:34:00;2026-09-26 18:34:00;EMITIDO;ROUPA;1;True
138;1;Estádio Willie Davis;Estádio Willie Davis - Maringá/PR;-23.4205;-51.9331;4;Acolher - Unidade Norte;Rua Modelo, 440 - Maringá/PR;-23.4175;-51.932;4;Centro Comunitário Acolher - SIMULADO;Acolher;EST-20260926-0001;1;2026-09-26 13:16:00;2026-09-27 13:16:00;UTILIZADO;ABRIGO;1;True
89;1;Estádio Willie Davis;Estádio Willie Davis - Maringá/PR;-23.4205;-51.9331;1;Casa Caminhos - Unidade Centro;Rua Exemplo, 101 - Centro, Maringá/PR;-23.423;-51.9345;1;Instituto Caminhos Solidários - SIMULADO;Casa Caminhos;EST-20260928-0001;1;2026-09-28 09:09:00;2026-09-29 09:09:00;EMITIDO;ABRIGO|ROUPA;2;True
96;2;Terminal Urbano;Terminal Urbano - Maringá/PR;-23.4253;-51.9387;4;Acolher - Unidade Norte;Rua Modelo, 440 - Maringá/PR;-23.4175;-51.932;4;Centro Comunitário Acolher - SIMULADO;Acolher;TER-20260928-0001;1;2026-09-28 14:44:00;2026-09-29 14:44:00;UTILIZADO;ALIMENTACAO;1;True
106;1;Estádio Willie Davis;Estádio Willie Davis - Maringá/PR;-23.4205;-51.9331;4;Acolher - Unidade Norte;Rua Modelo, 440 - Maringá/PR;-23.4175;-51.932;4;Centro Comunitário Acolher - SIMULADO;Acolher;EST-20260928-0002;2;2026-09-28 15:16:00;2026-09-29 15:16:00;UTILIZADO;ALIMENTACAO;1;True
59;3;Catedral;Catedral Basílica Menor - Maringá/PR;-23.4247;-51.9383;2;Mesa Aberta - Cozinha Comunitária;Avenida Fictícia, 220 - Centro, Maringá/PR;-23.426;-51.94;2;Associação Mesa Aberta - SIMULADO;Mesa Aberta;CAT-20260928-0002;2;2026-09-28 15:50:00;2026-09-29 15:50:00;UTILIZADO;ALIMENTACAO;1;True
8;3;Catedral;Catedral Basílica Menor - Maringá/PR;-23.4247;-51.9383;3;Ponto de Recomeço - Centro;Rua Inventada, 315 - Zona 01, Maringá/PR;-23.4215;-51.936;3;Instituto Recomeço Social - SIMULADO;Ponto de Recomeço;CAT-20260928-0001;1;2026-09-28 18:39:00;2026-09-29 18:39:00;EMITIDO;ROUPA|ALIMENTACAO;2;True
